date,site,keyword,page,position,clicks,impressions,ctr,data_state
2026-09-22,celio,pantalon homme,https://www.celio.com/fr-fr/c/pantalons,1.9,22,627,3.51,final
2026-09-23,celio,pantalon homme,https://www.celio.com/fr-fr/c/pantalons,2.0,17,597,2.85,final
2026-09-24,celio,pantalon homme,https://www.celio.com/fr-fr/c/pantalons,1.8,25,570,4.39,final
2026-09-25,celio,pantalon homme,https://www.celio.com/fr-fr/c/pantalons,1.8,17,550,3.09,final
2026-09-26,celio,pantalon homme,https://www.celio.com/fr-fr/c/pantalons,1.8,27,678,3.98,final
2026-09-27,celio,pantalon homme,https://www.celio.com/fr-fr/c/pantalons,1.9,27,694,3.89,final
2026-09-28,celio,pantalon homme,https://www.celio.com/fr-fr/c/pantalons,1.8,30,651,4.61,final
2026-09-22,celio,jean homme,https://www.celio.com/fr-fr/c/jeans,1.1,13,370,3.51,final
2026-09-23,celio,jean homme,https://www.celio.com/fr-fr/c/jeans,1.3,7,351,1.99,final
2026-09-24,celio,jean homme,https://www.celio.com/fr-fr/c/jeans,1.3,13,383,3.39,final
2026-09-25,celio,jean homme,https://www.celio.com/fr-fr/c/jeans,1.4,9,344,2.62,final
2026-09-26,celio,jean homme,https://www.celio.com/fr-fr/c/jeans,1.3,14,458,3.06,final
2026-09-27,celio,jean homme,https://www.celio.com/fr-fr/c/jeans,1.4,16,470,3.4,final
2026-09-28,celio,jean homme,https://www.celio.com/fr-fr/c/jeans,1.5,15,412,3.64,final
2026-09-22,celio,manteau homme,https://www.celio.com/fr-fr/c/blousons-et-manteaux-manteaux,2.7,13,423,3.07,final
2026-09-23,celio,manteau homme,https://www.celio.com/fr-fr/c/blousons-et-manteaux-manteaux,4.8,3,164,1.83,final
2026-09-24,celio,manteau homme,https://www.celio.com/fr-fr/c/blousons-et-manteaux-manteaux,5.5,2,124,1.61,final
2026-09-25,celio,manteau homme,https://www.celio.com/fr-fr/c/blousons-et-manteaux-manteaux,6.7,7,288,2.43,final
2026-09-26,celio,manteau homme,https://www.celio.com/fr-fr/c/blousons-et-manteaux-manteaux,4.0,15,435,3.45,final
2026-09-27,celio,manteau homme,https://www.celio.com/fr-fr/c/blousons-et-manteaux-manteaux,3.5,18,571,3.15,final
2026-09-28,celio,manteau homme,https://www.celio.com/fr-fr/c/blousons-et-manteaux-manteaux,5.1,16,583,2.74,final
2026-09-22,celio,blouson homme,https://www.celio.com/fr-fr/c/blousons-et-manteaux-blousons,3.0,10,284,3.52,final
2026-09-23,celio,blouson homme,https://www.celio.com/fr-fr/c/blousons-et-manteaux-blousons,3.3,15,277,5.42,final
2026-09-24,celio,blouson homme,https://www.celio.com/fr-fr/c/blousons-et-manteaux-blousons,3.4,9,233,3.86,final
2026-09-25,celio,blouson homme,https://www.celio.com/fr-fr/c/blousons-et-manteaux-blousons,3.6,6,242,2.48,final
2026-09-26,celio,blouson homme,https://www.celio.com/fr-fr/c/blousons-et-manteaux-blousons,4.0,8,248,3.23,final
2026-09-27,celio,blouson homme,https://www.celio.com/fr-fr/c/blousons-et-manteaux-blousons,3.6,15,308,4.87,final
2026-09-28,celio,blouson homme,https://www.celio.com/fr-fr/c/blousons-et-manteaux-blousons,3.3,9,293,3.07,final
2026-09-22,celio,veste homme,https://www.celio.com/fr-fr/c/blousons-et-manteaux-vestes,8.6,1,155,0.65,final
2026-09-23,celio,veste homme,https://www.celio.com/fr-fr/c/blousons-et-manteaux-vestes,8.2,1,154,0.65,final
2026-09-24,celio,veste homme,https://www.celio.com/fr-fr/c/blousons-et-manteaux-vestes,7.7,0,175,0.0,final
2026-09-25,celio,veste homme,https://www.celio.com/fr-fr/c/blousons-et-manteaux-vestes,8.5,2,143,1.4,final
2026-09-26,celio,veste homme,https://www.celio.com/fr-fr/c/blousons-et-manteaux-vestes,7.8,8,231,3.46,final
2026-09-27,celio,veste homme,https://www.celio.com/fr-fr/c/blousons-et-manteaux-vestes,7.6,7,276,2.54,final
2026-09-28,celio,veste homme,https://www.celio.com/fr-fr/c/blousons-et-manteaux-vestes,7.7,2,223,0.9,final
2026-09-22,celio,parka homme,https://www.celio.com/fr-fr/c/blousons-et-manteaux-parkas,5.4,11,236,4.66,final
2026-09-23,celio,parka homme,https://www.celio.com/fr-fr/c/blousons-et-manteaux-parkas,4.6,4,218,1.83,final
2026-09-24,celio,parka homme,https://www.celio.com/fr-fr/c/blousons-et-manteaux-parkas,5.2,1,204,0.49,final
2026-09-25,celio,parka homme,https://www.celio.com/fr-fr/c/blousons-et-manteaux-parkas,5.9,6,121,4.96,final
2026-09-26,celio,parka homme,https://www.celio.com/fr-fr/c/blousons-et-manteaux-parkas,5.2,5,180,2.78,final
2026-09-27,celio,parka homme,https://www.celio.com/fr-fr/c/blousons-et-manteaux-parkas,5.8,4,214,1.87,final
2026-09-28,celio,parka homme,https://www.celio.com/fr-fr/c/blousons-et-manteaux-parkas,4.7,13,258,5.04,final
2026-09-22,celio,costume homme,https://www.celio.com/fr-fr/c/costumes,3.2,54,1094,4.94,final
2026-09-23,celio,costume homme,https://www.celio.com/fr-fr/c/costumes,2.9,62,1181,5.25,final
2026-09-24,celio,costume homme,https://www.celio.com/fr-fr/c/costumes,3.9,49,1050,4.67,final
2026-09-25,celio,costume homme,https://www.celio.com/fr-fr/c/costumes,3.7,45,1087,4.14,final
2026-09-26,celio,costume homme,https://www.celio.com/fr-fr/c/costumes,3.7,51,1320,3.86,final
2026-09-27,celio,costume homme,https://www.celio.com/fr-fr/c/costumes,3.1,74,1394,5.31,final
2026-09-28,celio,costume homme,https://www.celio.com/fr-fr/c/costumes,3.6,48,1115,4.3,final
2026-09-22,celio,chemise homme,https://www.celio.com/fr-fr/c/chemises,2.6,18,835,2.16,final
2026-09-23,celio,chemise homme,https://www.celio.com/fr-fr/c/chemises,2.5,27,853,3.17,final
2026-09-24,celio,chemise homme,https://www.celio.com/fr-fr/c/chemises,2.4,24,818,2.93,final
2026-09-25,celio,chemise homme,https://www.celio.com/fr-fr/c/chemises,2.5,37,816,4.53,final
2026-09-26,celio,chemise homme,https://www.celio.com/fr-fr/c/chemises,2.9,33,983,3.36,final
2026-09-27,celio,chemise homme,https://www.celio.com/fr-fr/c/chemises,3.0,34,876,3.88,final
2026-09-28,celio,chemise homme,https://www.celio.com/fr-fr/c/chemises,2.9,28,830,3.37,final
2026-09-22,celio,pyjama homme,https://www.celio.com/fr-fr/c/sous-vetements-pyjamas,6.2,13,737,1.76,final
2026-09-23,celio,pyjama homme,https://www.celio.com/fr-fr/c/sous-vetements-pyjamas,4.6,44,750,5.87,final
2026-09-24,celio,pyjama homme,https://www.celio.com/fr-fr/c/sous-vetements-pyjamas,6.1,27,652,4.14,final
2026-09-25,celio,pyjama homme,https://www.celio.com/fr-fr/c/sous-vetements-pyjamas,3.3,26,707,3.68,final
2026-09-26,celio,pyjama homme,https://www.celio.com/fr-fr/c/sous-vetements-pyjamas,3.7,49,871,5.63,final
2026-09-27,celio,pyjama homme,https://www.celio.com/fr-fr/c/sous-vetements-pyjamas,4.2,34,958,3.55,final
2026-09-28,celio,pyjama homme,https://www.celio.com/fr-fr/c/sous-vetements-pyjamas,5.1,31,887,3.49,final
2026-09-22,celio,pantalon cargo homme,https://www.celio.com/fr-fr/c/pantalons-pantalons-cargos,3.9,22,489,4.5,final
2026-09-23,celio,pantalon cargo homme,https://www.celio.com/fr-fr/c/pantalons-pantalons-cargos,2.3,25,577,4.33,final
2026-09-24,celio,pantalon cargo homme,https://www.celio.com/fr-fr/c/pantalons-pantalons-cargos,2.4,27,559,4.83,final
2026-09-25,celio,pantalon cargo homme,https://www.celio.com/fr-fr/c/pantalons-pantalons-cargos,2.5,26,533,4.88,final
2026-09-26,celio,pantalon cargo homme,https://www.celio.com/fr-fr/c/pantalons-pantalons-cargos,2.1,54,621,8.7,final
2026-09-27,celio,pantalon cargo homme,https://www.celio.com/fr-fr/c/pantalons-pantalons-cargos,2.1,41,651,6.3,final
2026-09-28,celio,pantalon cargo homme,https://www.celio.com/fr-fr/c/pantalons-pantalons-cargos,2.4,36,598,6.02,final
2026-09-22,celio,pull homme,https://www.celio.com/fr-fr/c/pulls,1.4,34,825,4.12,final
2026-09-23,celio,pull homme,https://www.celio.com/fr-fr/c/pulls,1.5,30,750,4.0,final
2026-09-24,celio,pull homme,https://www.celio.com/fr-fr/c/pulls,1.6,20,713,2.81,final
2026-09-25,celio,pull homme,https://www.celio.com/fr-fr/c/pulls,1.9,9,573,1.57,final
2026-09-26,celio,pull homme,https://www.celio.com/fr-fr/c/pulls,2.5,20,731,2.74,final
2026-09-27,celio,pull homme,https://www.celio.com/fr-fr/c/pulls,1.8,33,975,3.38,final
2026-09-28,celio,pull homme,https://www.celio.com/fr-fr/c/pulls,1.9,27,948,2.85,final
2026-09-22,celio,cardigan homme,https://www.celio.com/fr-fr/c/pulls-gilets-et-cardigans,2.2,22,471,4.67,final
2026-09-23,celio,cardigan homme,https://www.celio.com/fr-fr/c/pulls-gilets-et-cardigans,3.3,19,432,4.4,final
2026-09-24,celio,cardigan homme,https://www.celio.com/fr-fr/c/pulls-gilets-et-cardigans,3.4,10,415,2.41,final
2026-09-25,celio,cardigan homme,https://www.celio.com/fr-fr/c/pulls-gilets-et-cardigans,3.5,5,386,1.3,final
2026-09-26,celio,cardigan homme,https://www.celio.com/fr-fr/c/pulls-gilets-et-cardigans,3.1,20,496,4.03,final
2026-09-27,celio,cardigan homme,https://www.celio.com/fr-fr/c/pulls-gilets-et-cardigans,3.6,18,621,2.9,final
2026-09-28,celio,cardigan homme,https://www.celio.com/fr-fr/c/pulls-gilets-et-cardigans,4.7,13,437,2.97,final
2026-09-22,celio,polo homme,https://www.celio.com/fr-fr/c/polos,2.3,20,413,4.84,final
2026-09-23,celio,polo homme,https://www.celio.com/fr-fr/c/polos,2.9,15,318,4.72,final
2026-09-24,celio,polo homme,https://www.celio.com/fr-fr/c/polos,3.6,12,320,3.75,final
2026-09-25,celio,polo homme,https://www.celio.com/fr-fr/c/polos,3.2,9,305,2.95,final
2026-09-26,celio,polo homme,https://www.celio.com/fr-fr/c/polos,2.2,18,323,5.57,final
2026-09-27,celio,polo homme,https://www.celio.com/fr-fr/c/polos,2.1,15,416,3.61,final
2026-09-28,celio,polo homme,https://www.celio.com/fr-fr/c/polos,2.5,13,354,3.67,final
2026-09-22,celio,pantalon lin homme,https://www.celio.com/fr-fr/c/pantalons-pantalons-en-lin,1.4,14,185,7.57,final
2026-09-23,celio,pantalon lin homme,https://www.celio.com/fr-fr/c/pantalons-pantalons-en-lin,1.6,13,223,5.83,final
2026-09-24,celio,pantalon lin homme,https://www.celio.com/fr-fr/c/pantalons-pantalons-en-lin,1.4,9,170,5.29,final
2026-09-25,celio,pantalon lin homme,https://www.celio.com/fr-fr/c/pantalons-pantalons-en-lin,1.6,16,185,8.65,final
2026-09-26,celio,pantalon lin homme,https://www.celio.com/fr-fr/c/pantalons-pantalons-en-lin,1.5,11,174,6.32,final
2026-09-27,celio,pantalon lin homme,https://www.celio.com/fr-fr/c/pantalons-pantalons-en-lin,1.9,24,226,10.62,final
2026-09-28,celio,pantalon lin homme,https://www.celio.com/fr-fr/c/pantalons-pantalons-en-lin,1.5,15,215,6.98,final
2026-09-22,celio,pantalon chino homme,https://www.celio.com/fr-fr/c/pantalons-pantalons-chinos,1.5,14,286,4.9,final
2026-09-23,celio,pantalon chino homme,https://www.celio.com/fr-fr/c/pantalons-pantalons-chinos,1.5,16,301,5.32,final
2026-09-24,celio,pantalon chino homme,https://www.celio.com/fr-fr/c/pantalons-pantalons-chinos,1.4,14,287,4.88,final
2026-09-25,celio,pantalon chino homme,https://www.celio.com/fr-fr/c/pantalons-pantalons-chinos,1.3,19,293,6.48,final
2026-09-26,celio,pantalon chino homme,https://www.celio.com/fr-fr/c/pantalons-pantalons-chinos,1.3,23,341,6.74,final
2026-09-27,celio,pantalon chino homme,https://www.celio.com/fr-fr/c/pantalons-pantalons-chinos,1.4,7,326,2.15,final
2026-09-28,celio,pantalon chino homme,https://www.celio.com/fr-fr/c/pantalons-pantalons-chinos,1.4,22,306,7.19,final
2026-09-22,celio,sweat homme,https://www.celio.com/fr-fr/c/sweats,2.1,8,402,1.99,final
2026-09-23,celio,sweat homme,https://www.celio.com/fr-fr/c/sweats,2.0,8,378,2.12,final
2026-09-24,celio,sweat homme,https://www.celio.com/fr-fr/c/sweats,2.0,13,353,3.68,final
2026-09-25,celio,sweat homme,https://www.celio.com/fr-fr/c/sweats,2.0,11,324,3.4,final
2026-09-26,celio,sweat homme,https://www.celio.com/fr-fr/c/sweats,1.8,13,394,3.3,final
2026-09-27,celio,sweat homme,https://www.celio.com/fr-fr/c/sweats,2.1,12,492,2.44,final
2026-09-28,celio,sweat homme,https://www.celio.com/fr-fr/c/sweats,2.3,15,447,3.36,final
2026-09-22,celio,chemise blanche homme,https://www.celio.com/fr-fr/c/chemises-chemises-blanches,1.9,8,221,3.62,final
2026-09-23,celio,chemise blanche homme,https://www.celio.com/fr-fr/c/chemises-chemises-blanches,2.7,7,212,3.3,final
2026-09-24,celio,chemise blanche homme,https://www.celio.com/fr-fr/c/chemises-chemises-blanches,2.7,17,220,7.73,final
2026-09-25,celio,chemise blanche homme,https://www.celio.com/fr-fr/c/chemises-chemises-blanches,2.4,6,179,3.35,final
2026-09-26,celio,chemise blanche homme,https://www.celio.com/fr-fr/c/chemises-chemises-blanches,3.4,7,190,3.68,final
2026-09-27,celio,chemise blanche homme,https://www.celio.com/fr-fr/c/chemises-chemises-blanches,2.4,2,202,0.99,final
2026-09-28,celio,chemise blanche homme,https://www.celio.com/fr-fr/c/chemises-chemises-blanches,1.9,11,218,5.05,final
2026-09-22,celio,pantalon blanc homme,https://www.celio.com/fr-fr/c/pantalons-pantalons-blancs,1.9,10,148,6.76,final
2026-09-23,celio,pantalon blanc homme,https://www.celio.com/fr-fr/c/pantalons-pantalons-blancs,1.7,11,132,8.33,final
2026-09-24,celio,pantalon blanc homme,https://www.celio.com/fr-fr/c/pantalons-pantalons-blancs,2.4,9,161,5.59,final
2026-09-25,celio,pantalon blanc homme,https://www.celio.com/fr-fr/c/pantalons-pantalons-blancs,1.8,9,133,6.77,final
2026-09-26,celio,pantalon blanc homme,https://www.celio.com/fr-fr/c/pantalons-pantalons-blancs,1.7,7,158,4.43,final
2026-09-27,celio,pantalon blanc homme,https://www.celio.com/fr-fr/c/pantalons-pantalons-blancs,1.9,10,159,6.29,final
2026-09-28,celio,pantalon blanc homme,https://www.celio.com/fr-fr/c/pantalons-pantalons-blancs,2.0,7,137,5.11,final
2026-09-22,celio,short homme,https://www.celio.com/fr-fr/c/bermudas,1.9,13,308,4.22,final
2026-09-23,celio,short homme,https://www.celio.com/fr-fr/c/bermudas,2.0,4,317,1.26,final
2026-09-24,celio,short homme,https://www.celio.com/fr-fr/c/bermudas,1.9,4,287,1.39,final
2026-09-25,celio,short homme,https://www.celio.com/fr-fr/c/bermudas,2.0,9,287,3.14,final
2026-09-26,celio,short homme,https://www.celio.com/fr-fr/c/bermudas,1.8,7,317,2.21,final
2026-09-27,celio,short homme,https://www.celio.com/fr-fr/c/bermudas,2.3,2,337,0.59,final
2026-09-28,celio,short homme,https://www.celio.com/fr-fr/c/bermudas,2.1,6,304,1.97,final
2026-09-22,celio,pantalon en lin homme,https://www.celio.com/fr-fr/c/pantalons-pantalons-en-lin,1.3,9,78,11.54,final
2026-09-23,celio,pantalon en lin homme,https://www.celio.com/fr-fr/c/pantalons-pantalons-en-lin,1.2,9,80,11.25,final
2026-09-24,celio,pantalon en lin homme,https://www.celio.com/fr-fr/c/pantalons-pantalons-en-lin,1.5,4,67,5.97,final
2026-09-25,celio,pantalon en lin homme,https://www.celio.com/fr-fr/c/pantalons-pantalons-en-lin,1.5,4,73,5.48,final
2026-09-26,celio,pantalon en lin homme,https://www.celio.com/fr-fr/c/pantalons-pantalons-en-lin,1.2,10,78,12.82,final
2026-09-27,celio,pantalon en lin homme,https://www.celio.com/fr-fr/c/pantalons-pantalons-en-lin,1.4,11,92,11.96,final
2026-09-28,celio,pantalon en lin homme,https://www.celio.com/fr-fr/c/pantalons-pantalons-en-lin,1.4,4,85,4.71,final
2026-09-22,celio,ensemble homme,https://www.celio.com/fr-fr/c/saisonniers-ensemble,5.6,1,310,0.32,final
2026-09-23,celio,ensemble homme,https://www.celio.com/fr-fr/c/saisonniers-ensemble,5.4,4,338,1.18,final
2026-09-24,celio,ensemble homme,https://www.celio.com/fr-fr/c/saisonniers-ensemble,5.1,3,287,1.05,final
2026-09-25,celio,ensemble homme,https://www.celio.com/fr-fr/c/saisonniers-ensemble,4.4,3,233,1.29,final
2026-09-26,celio,ensemble homme,https://www.celio.com/fr-fr/c/saisonniers-ensemble,3.3,2,340,0.59,final
2026-09-27,celio,ensemble homme,https://www.celio.com/fr-fr/c/saisonniers-ensemble,4.1,12,342,3.51,final
2026-09-28,celio,ensemble homme,https://www.celio.com/fr-fr/c/saisonniers-ensemble,6.0,6,278,2.16,final
2026-09-22,celio,costume 3 pièces homme,https://www.celio.com/fr-fr/c/costumes-costume-3-pieces-pour-homme,1.4,4,90,4.44,final
2026-09-23,celio,costume 3 pièces homme,https://www.celio.com/fr-fr/c/costumes-costume-3-pieces-pour-homme,2.4,5,108,4.63,final
2026-09-24,celio,costume 3 pièces homme,https://www.celio.com/fr-fr/c/costumes-costume-3-pieces-pour-homme,2.5,5,107,4.67,final
2026-09-25,celio,costume 3 pièces homme,https://www.celio.com/fr-fr/c/costumes-costume-3-pieces-pour-homme,2.9,7,85,8.24,final
2026-09-26,celio,costume 3 pièces homme,https://www.celio.com/fr-fr/c/costumes-costume-3-pieces-pour-homme,2.7,6,118,5.08,final
2026-09-27,celio,costume 3 pièces homme,https://www.celio.com/fr-fr/c/costumes-costume-3-pieces-pour-homme,3.1,7,115,6.09,final
2026-09-28,celio,costume 3 pièces homme,https://www.celio.com/fr-fr/c/costumes-costume-3-pieces-pour-homme,3.1,4,103,3.88,final
2026-09-22,celio,chino,https://www.celio.com/fr-fr/c/pantalons-pantalons-chinos,3.2,9,304,2.96,final
2026-09-23,celio,chino,https://www.celio.com/fr-fr/c/pantalons-pantalons-chinos,2.7,6,310,1.94,final
2026-09-24,celio,chino,https://www.celio.com/fr-fr/c/pantalons-pantalons-chinos,2.7,4,317,1.26,final
2026-09-25,celio,chino,https://www.celio.com/fr-fr/c/pantalons-pantalons-chinos,3.0,5,301,1.66,final
2026-09-26,celio,chino,https://www.celio.com/fr-fr/c/pantalons-pantalons-chinos,2.9,8,385,2.08,final
2026-09-27,celio,chino,https://www.celio.com/fr-fr/c/pantalons-pantalons-chinos,2.6,9,370,2.43,final
2026-09-28,celio,chino,https://www.celio.com/fr-fr/c/pantalons-pantalons-chinos,2.6,7,334,2.1,final
2026-09-22,celio,cargo homme,https://www.celio.com/fr-fr/c/pantalons-pantalons-cargos,6.1,2,174,1.15,final
2026-09-23,celio,cargo homme,https://www.celio.com/fr-fr/c/pantalons-pantalons-cargos,3.8,9,218,4.13,final
2026-09-24,celio,cargo homme,https://www.celio.com/fr-fr/c/pantalons-pantalons-cargos,3.2,9,195,4.62,final
2026-09-25,celio,cargo homme,https://www.celio.com/fr-fr/c/pantalons-pantalons-cargos,3.3,6,167,3.59,final
2026-09-26,celio,cargo homme,https://www.celio.com/fr-fr/c/pantalons-pantalons-cargos,2.4,9,218,4.13,final
2026-09-27,celio,cargo homme,https://www.celio.com/fr-fr/c/pantalons-pantalons-cargos,2.7,8,227,3.52,final
2026-09-28,celio,cargo homme,https://www.celio.com/fr-fr/c/pantalons-pantalons-cargos,2.8,8,206,3.88,final
2026-09-22,celio,costume homme pas cher,https://www.celio.com/fr-fr/c/costumes-costumes-a---de-100e,1.5,1,40,2.5,final
2026-09-23,celio,costume homme pas cher,https://www.celio.com/fr-fr/c/costumes-costumes-a---de-100e,1.5,8,64,12.5,final
2026-09-24,celio,costume homme pas cher,https://www.celio.com/fr-fr/c/costumes-costumes-a---de-100e,1.2,5,53,9.43,final
2026-09-25,celio,costume homme pas cher,https://www.celio.com/fr-fr/c/costumes-costumes-a---de-100e,1.2,6,46,13.04,final
2026-09-26,celio,costume homme pas cher,https://www.celio.com/fr-fr/c/costumes-costumes-a---de-100e,1.3,14,60,23.33,final
2026-09-27,celio,costume homme pas cher,https://www.celio.com/fr-fr/c/costumes-costumes-a---de-100e,1.2,11,46,23.91,final
2026-09-28,celio,costume homme pas cher,https://www.celio.com/fr-fr/c/costumes-costumes-a---de-100e,1.3,6,51,11.76,final
2026-09-22,celio,tee shirt homme,https://www.celio.com/fr-fr/c/t-shirts,5.1,9,331,2.72,final
2026-09-23,celio,tee shirt homme,https://www.celio.com/fr-fr/c/t-shirts,2.9,5,411,1.22,final
2026-09-24,celio,tee shirt homme,https://www.celio.com/fr-fr/c/t-shirts,4.1,5,380,1.32,final
2026-09-25,celio,tee shirt homme,https://www.celio.com/fr-fr/c/t-shirts,3.2,5,325,1.54,final
2026-09-26,celio,tee shirt homme,https://www.celio.com/fr-fr/c/t-shirts,1.9,10,369,2.71,final
2026-09-27,celio,tee shirt homme,https://www.celio.com/fr-fr/c/t-shirts,2.0,11,423,2.6,final
2026-09-28,celio,tee shirt homme,https://www.celio.com/fr-fr/c/t-shirts,1.9,18,462,3.9,final
