date,site,segment,position,clicks,impressions,data_state
2025-06-08,celio,brand,1.4,9509,33751,final
2025-06-09,celio,brand,1.3,12571,39552,final
2025-06-10,celio,brand,1.4,11123,35874,final
2025-06-11,celio,brand,1.4,11435,37811,final
2025-06-12,celio,brand,1.4,11081,38201,final
2025-06-13,celio,brand,1.4,11092,38868,final
2025-06-14,celio,brand,1.4,11536,45711,final
2025-06-15,celio,brand,1.4,10692,37680,final
2025-06-16,celio,brand,1.3,13659,41612,final
2025-06-17,celio,brand,1.4,10973,35498,final
2025-06-18,celio,brand,1.4,11235,36273,final
2025-06-19,celio,brand,1.5,10310,34832,final
2025-06-20,celio,brand,1.4,9687,33556,final
2025-06-21,celio,brand,1.4,9902,35534,final
2025-06-22,celio,brand,1.4,9386,31219,final
2025-06-23,celio,brand,1.4,10298,33884,final
2025-06-24,celio,brand,1.3,12564,40043,final
2025-06-25,celio,brand,1.2,20633,63904,final
2025-06-26,celio,brand,1.4,12689,46139,final
2025-06-27,celio,brand,1.3,11465,45024,final
2025-06-28,celio,brand,1.3,11926,49042,final
2025-06-29,celio,brand,1.3,10993,42209,final
2025-06-30,celio,brand,1.3,11785,42426,final
2025-07-01,celio,brand,1.3,11507,40767,final
2025-07-02,celio,brand,1.3,12274,43707,final
2025-07-03,celio,brand,1.4,11784,44096,final
2025-07-04,celio,brand,1.3,11471,44251,final
2025-07-05,celio,brand,1.4,11431,47992,final
2025-07-06,celio,brand,1.4,10310,40715,final
2025-07-07,celio,brand,1.3,10254,39598,final
2025-07-08,celio,brand,1.4,9216,36576,final
2025-07-09,celio,brand,1.4,9512,36823,final
2025-07-10,celio,brand,1.4,8553,33653,final
2025-07-11,celio,brand,1.4,8217,34027,final
2025-07-12,celio,brand,1.4,8511,38006,final
2025-07-13,celio,brand,1.6,7098,29233,final
2025-07-14,celio,brand,1.4,8605,35128,final
2025-07-15,celio,brand,1.5,8071,30875,final
2025-07-16,celio,brand,1.5,7811,30317,final
2025-07-17,celio,brand,1.5,7156,28603,final
2025-07-18,celio,brand,1.5,6856,27558,final
2025-07-19,celio,brand,1.5,7872,32986,final
2025-07-20,celio,brand,1.5,6958,27249,final
2025-07-21,celio,brand,1.5,8099,31135,final
2025-07-22,celio,brand,1.5,8438,31387,final
2025-07-23,celio,brand,1.6,6807,25286,final
2025-07-24,celio,brand,1.6,6130,23855,final
2025-07-25,celio,brand,1.7,6458,25069,final
2025-07-26,celio,brand,1.7,6537,27633,final
2025-07-27,celio,brand,1.6,5970,22534,final
2025-07-28,celio,brand,1.6,7044,26146,final
2025-07-29,celio,brand,1.5,6466,24098,final
2025-07-30,celio,brand,1.6,6652,23912,final
2025-07-31,celio,brand,1.5,6503,23733,final
2025-08-01,celio,brand,1.6,7651,24403,final
2025-08-02,celio,brand,1.5,7395,26004,final
2025-08-03,celio,brand,1.6,5921,21069,final
2025-08-04,celio,brand,1.3,21879,46569,final
2025-08-05,celio,brand,1.3,24955,51088,final
2025-08-06,celio,brand,1.5,13033,35239,final
2025-08-07,celio,brand,1.6,11806,34456,final
2025-08-08,celio,brand,1.6,9471,31200,final
2025-08-09,celio,brand,1.6,9691,31706,final
2025-08-10,celio,brand,1.6,7916,26282,final
2025-08-11,celio,brand,1.5,11405,32467,final
2025-08-12,celio,brand,1.5,9949,29356,final
2025-08-13,celio,brand,1.8,9742,30690,final
2025-08-14,celio,brand,1.7,8716,27836,final
2025-08-15,celio,brand,1.6,7378,26281,final
2025-08-16,celio,brand,1.6,7591,25314,final
2025-08-17,celio,brand,1.6,6293,21129,final
2025-08-18,celio,brand,1.5,12056,31944,final
2025-08-19,celio,brand,1.5,12107,32511,final
2025-08-20,celio,brand,1.5,13499,35081,final
2025-08-21,celio,brand,1.5,9521,30630,final
2025-08-22,celio,brand,1.5,8176,26641,final
2025-08-23,celio,brand,1.5,7958,26513,final
2025-08-24,celio,brand,1.7,6956,22718,final
2025-08-25,celio,brand,1.5,8563,26288,final
2025-08-26,celio,brand,1.5,8053,26544,final
2025-08-27,celio,brand,1.4,10678,30649,final
2025-08-28,celio,brand,1.5,9435,29268,final
2025-08-29,celio,brand,1.5,10082,32165,final
2025-08-30,celio,brand,1.4,11211,34669,final
2025-08-31,celio,brand,1.7,9978,31426,final
2025-09-01,celio,brand,1.5,8578,28959,final
2025-09-02,celio,brand,1.5,8490,28490,final
2025-09-03,celio,brand,1.5,8322,29209,final
2025-09-04,celio,brand,1.5,9254,29520,final
2025-09-05,celio,brand,1.5,9250,28736,final
2025-09-06,celio,brand,1.4,9607,30884,final
2025-09-07,celio,brand,1.6,7963,24521,final
2025-09-08,celio,brand,1.5,8177,24555,final
2025-09-09,celio,brand,1.5,7494,23137,final
2025-09-10,celio,brand,1.5,8471,24998,final
2025-09-11,celio,brand,1.5,8749,26242,final
2025-09-12,celio,brand,1.5,8620,25966,final
2025-09-13,celio,brand,1.5,10956,32125,final
2025-09-14,celio,brand,2.0,10003,27333,final
2025-09-15,celio,brand,2.0,9112,25773,final
2025-09-16,celio,brand,2.6,8103,24466,final
2025-09-17,celio,brand,3.5,8264,25097,final
2025-09-18,celio,brand,3.0,7194,23282,final
2025-09-19,celio,brand,3.0,6706,23071,final
2025-09-20,celio,brand,2.6,8395,27661,final
2025-09-21,celio,brand,2.8,7856,25116,final
2025-09-22,celio,brand,2.6,7918,25789,final
2025-09-23,celio,brand,2.5,9755,27956,final
2025-09-24,celio,brand,2.2,11167,30802,final
2025-09-25,celio,brand,2.7,9223,27957,final
2025-09-26,celio,brand,2.5,9609,29175,final
2025-09-27,celio,brand,2.3,11198,34655,final
2025-09-28,celio,brand,2.8,9459,29729,final
2025-09-29,celio,brand,2.5,9116,28249,final
2025-09-30,celio,brand,2.3,8098,25528,final
2025-10-01,celio,brand,2.0,9015,27859,final
2025-10-02,celio,brand,2.7,10199,30227,final
2025-10-03,celio,brand,2.0,10084,31694,final
2025-10-04,celio,brand,2.2,10991,38509,final
2025-10-05,celio,brand,2.5,9121,30874,final
2025-10-06,celio,brand,2.3,9315,31063,final
2025-10-07,celio,brand,2.5,8278,28722,final
2025-10-08,celio,brand,2.0,10528,32808,final
2025-10-09,celio,brand,2.3,8807,30117,final
2025-10-10,celio,brand,2.7,8995,32028,final
2025-10-11,celio,brand,2.4,10073,37213,final
2025-10-12,celio,brand,2.2,7998,28847,final
2025-10-13,celio,brand,2.0,9899,27159,final
2025-10-14,celio,brand,2.2,6836,25412,final
2025-10-15,celio,brand,1.8,7740,27177,final
2025-10-16,celio,brand,2.6,6838,26646,final
2025-10-17,celio,brand,2.2,6654,25152,final
2025-10-18,celio,brand,1.9,7767,30391,final
2025-10-19,celio,brand,2.0,7129,26990,final
2025-10-20,celio,brand,2.1,7064,27534,final
2025-10-21,celio,brand,1.9,6505,25237,final
2025-10-22,celio,brand,1.7,7253,27208,final
2025-10-23,celio,brand,1.9,7559,27557,final
2025-10-24,celio,brand,1.9,7056,28056,final
2025-10-25,celio,brand,1.9,8420,31133,final
2025-10-26,celio,brand,2.3,7277,27454,final
2025-10-27,celio,brand,1.8,8212,29605,final
2025-10-28,celio,brand,1.8,7441,28266,final
2025-10-29,celio,brand,1.6,8889,30171,final
2025-10-30,celio,brand,1.7,14034,29985,final
2025-10-31,celio,brand,1.9,13301,29057,final
2025-11-01,celio,brand,1.7,16632,36820,final
2025-11-02,celio,brand,1.9,15669,31587,final
2025-11-03,celio,brand,1.8,15046,30537,final
2025-11-04,celio,brand,1.8,14328,28364,final
2025-11-05,celio,brand,1.7,15651,30755,final
2025-11-06,celio,brand,1.7,14889,29354,final
2025-11-07,celio,brand,1.7,14829,30928,final
2025-11-08,celio,brand,1.6,21244,41334,final
2025-11-09,celio,brand,1.8,20503,37134,final
2025-11-10,celio,brand,1.6,20137,39830,final
2025-11-11,celio,brand,1.6,20147,40377,final
2025-11-12,celio,brand,1.5,16201,31997,final
2025-11-13,celio,brand,1.5,15608,31643,final
2025-11-14,celio,brand,1.4,20338,37577,final
2025-11-15,celio,brand,1.4,23529,44612,final
2025-11-16,celio,brand,1.5,22744,40318,final
2025-11-17,celio,brand,1.5,23265,41900,final
2025-11-18,celio,brand,1.4,23151,41658,final
2025-11-19,celio,brand,1.5,43831,67530,final
2025-11-20,celio,brand,1.4,41636,65190,final
2025-11-21,celio,brand,1.3,36855,59515,final
2025-11-22,celio,brand,1.4,44541,74394,final
2025-11-23,celio,brand,1.5,42382,67430,final
2025-11-24,celio,brand,1.5,36766,61180,final
2025-11-25,celio,brand,1.4,35722,62455,final
2025-11-26,celio,brand,1.4,35107,63286,final
2025-11-27,celio,brand,1.5,37652,68627,final
2025-11-28,celio,brand,1.4,45064,81946,final
2025-11-29,celio,brand,1.6,42205,82159,final
2025-11-30,celio,brand,1.4,40617,76343,final
2025-12-01,celio,brand,1.6,32857,62295,final
2025-12-02,celio,brand,1.6,27904,52096,final
2025-12-03,celio,brand,1.6,28423,53974,final
2025-12-04,celio,brand,1.8,27591,52301,final
2025-12-05,celio,brand,1.7,28574,54583,final
2025-12-06,celio,brand,1.5,31790,62973,final
2025-12-07,celio,brand,1.6,33396,64053,final
2025-12-08,celio,brand,1.8,30829,57744,final
2025-12-09,celio,brand,1.7,28411,54102,final
2025-12-10,celio,brand,1.6,29831,56852,final
2025-12-11,celio,brand,1.6,28156,52945,final
2025-12-12,celio,brand,1.6,26373,52262,final
2025-12-13,celio,brand,1.7,31647,64170,final
2025-12-14,celio,brand,1.7,33657,65650,final
2025-12-15,celio,brand,1.7,31901,60218,final
2025-12-16,celio,brand,1.6,29040,55996,final
2025-12-17,celio,brand,1.5,30432,57856,final
2025-12-18,celio,brand,1.9,26944,54054,final
2025-12-19,celio,brand,1.8,26514,54144,final
2025-12-20,celio,brand,1.6,31509,66547,final
2025-12-21,celio,brand,1.4,31279,64262,final
2025-12-22,celio,brand,1.6,33503,68533,final
2025-12-23,celio,brand,1.6,29655,63785,final
2025-12-24,celio,brand,1.9,20341,47724,final
2025-12-25,celio,brand,1.9,24415,45423,final
2025-12-26,celio,brand,1.7,32033,61456,final
2025-12-27,celio,brand,1.9,25812,53014,final
2025-12-28,celio,brand,2.1,22021,45074,final
2025-12-29,celio,brand,2.2,25535,51476,final
2025-12-30,celio,brand,1.8,24048,48990,final
2025-12-31,celio,brand,2.0,17128,37839,final
2026-01-01,celio,brand,2.5,16079,32517,final
2026-01-02,celio,brand,1.9,23079,47885,final
2026-01-03,celio,brand,1.8,23822,48496,final
2026-01-04,celio,brand,1.9,19399,38911,final
2026-01-05,celio,brand,2.0,19932,39835,final
2026-01-06,celio,brand,1.8,27506,48429,final
2026-01-07,celio,brand,1.5,48864,76467,final
2026-01-08,celio,brand,1.8,28090,50831,final
2026-01-09,celio,brand,1.8,25267,49453,final
2026-01-10,celio,brand,1.6,33237,65761,final
2026-01-11,celio,brand,1.7,27784,52982,final
2026-01-12,celio,brand,2.0,23569,44920,final
2026-01-13,celio,brand,1.8,20456,39637,final
2026-01-14,celio,brand,1.9,22061,42261,final
2026-01-15,celio,brand,1.8,18534,36855,final
2026-01-16,celio,brand,2.5,18332,38004,final
2026-01-17,celio,brand,2.3,24307,50683,final
2026-01-18,celio,brand,2.6,19585,38471,final
2026-01-19,celio,brand,2.7,17599,34996,final
2026-01-20,celio,brand,2.4,15729,31742,final
2026-01-21,celio,brand,3.1,17594,34710,final
2026-01-22,celio,brand,2.6,16799,35562,final
2026-01-23,celio,brand,2.5,15937,33992,final
2026-01-24,celio,brand,2.4,20133,43216,final
2026-01-25,celio,brand,2.8,17950,35554,final
2026-01-26,celio,brand,2.9,16803,34033,final
2026-01-27,celio,brand,3.1,16259,32465,final
2026-01-28,celio,brand,3.0,17296,34927,final
2026-01-29,celio,brand,2.6,16191,33437,final
2026-01-30,celio,brand,2.7,16237,35389,final
2026-01-31,celio,brand,2.8,20756,44124,final
2026-02-01,celio,brand,2.8,19031,35258,final
2026-02-02,celio,brand,3.1,18150,35306,final
2026-02-03,celio,brand,2.2,18252,33629,final
2026-02-04,celio,brand,2.8,17264,32860,final
2026-02-05,celio,brand,3.5,13978,28065,final
2026-02-06,celio,brand,4.0,13367,28740,final
2026-02-07,celio,brand,2.5,15990,33097,final
2026-02-08,celio,brand,4.6,14571,29704,final
2026-02-09,celio,brand,3.7,14300,29755,final
2026-02-10,celio,brand,2.9,13405,26564,final
2026-02-11,celio,brand,3.1,16332,31260,final
2026-02-12,celio,brand,3.4,14679,29557,final
2026-02-13,celio,brand,3.0,13822,28629,final
2026-02-14,celio,brand,3.0,16746,33920,final
2026-02-15,celio,brand,3.5,14814,27926,final
2026-02-16,celio,brand,3.9,13295,26458,final
2026-02-17,celio,brand,3.2,11440,23431,final
2026-02-18,celio,brand,3.6,10808,22651,final
2026-02-19,celio,brand,3.6,10451,22282,final
2026-02-20,celio,brand,3.2,10592,22702,final
2026-02-21,celio,brand,3.3,12016,26448,final
2026-02-22,celio,brand,4.0,11273,23472,final
2026-02-23,celio,brand,3.9,11590,25510,final
2026-02-24,celio,brand,3.5,10728,22841,final
2026-02-25,celio,brand,4.2,11034,23914,final
2026-02-26,celio,brand,3.4,10491,22856,final
2026-02-27,celio,brand,3.1,11699,25057,final
2026-02-28,celio,brand,3.5,13482,29199,final
2026-03-01,celio,brand,3.3,11591,23263,final
2026-03-02,celio,brand,3.2,15261,29831,final
2026-03-03,celio,brand,3.3,15247,30259,final
2026-03-04,celio,brand,2.5,15709,30618,final
2026-03-05,celio,brand,3.4,14393,29654,final
2026-03-06,celio,brand,2.5,13686,28094,final
2026-03-07,celio,brand,2.8,15707,33239,final
2026-03-08,celio,brand,3.0,12749,25885,final
2026-03-09,celio,brand,2.9,13984,32698,final
2026-03-10,celio,brand,3.0,17678,36095,final
2026-03-11,celio,brand,2.9,13832,30054,final
2026-03-12,celio,brand,3.0,12823,28184,final
2026-03-13,celio,brand,2.2,13511,30874,final
2026-03-14,celio,brand,2.1,17283,37020,final
2026-03-15,celio,brand,3.1,14915,29338,final
2026-03-16,celio,brand,2.0,25900,48239,final
2026-03-17,celio,brand,1.9,23147,42627,final
2026-03-18,celio,brand,1.9,22024,41809,final
2026-03-19,celio,brand,1.9,18992,37684,final
2026-03-20,celio,brand,2.4,17931,35366,final
2026-03-21,celio,brand,2.0,20800,39610,final
2026-03-22,celio,brand,2.5,17938,32593,final
2026-03-23,celio,brand,2.3,16652,32187,final
2026-03-24,celio,brand,2.0,16535,31110,final
2026-03-25,celio,brand,1.8,20379,36394,final
2026-03-26,celio,brand,2.3,15680,30430,final
2026-03-27,celio,brand,2.1,15793,31156,final
2026-03-28,celio,brand,1.9,20379,40217,final
2026-03-29,celio,brand,2.4,18222,33641,final
2026-03-30,celio,brand,2.4,15972,31954,final
2026-03-31,celio,brand,2.3,14983,30521,final
2026-04-01,celio,brand,2.1,18519,36775,final
2026-04-02,celio,brand,1.9,17249,37185,final
2026-04-03,celio,brand,2.3,12157,34535,final
2026-04-04,celio,brand,2.0,14768,40963,final
2026-04-05,celio,brand,2.4,10951,33146,final
2026-04-06,celio,brand,2.2,13495,35811,final
2026-04-07,celio,brand,2.2,15815,31953,final
2026-04-08,celio,brand,2.7,15632,32156,final
2026-04-09,celio,brand,2.9,13483,29407,final
2026-04-10,celio,brand,2.2,13398,30328,final
2026-04-11,celio,brand,1.8,16997,36797,final
2026-04-12,celio,brand,2.6,14827,30750,final
2026-04-13,celio,brand,2.7,14186,30861,final
2026-04-14,celio,brand,2.5,12836,28664,final
2026-04-15,celio,brand,2.4,14625,31099,final
2026-04-16,celio,brand,2.7,13551,30133,final
2026-04-17,celio,brand,2.5,13475,30869,final
2026-04-18,celio,brand,2.0,15321,34840,final
2026-04-19,celio,brand,2.7,14040,30672,final
2026-04-20,celio,brand,2.4,14313,31095,final
2026-04-21,celio,brand,2.3,13349,29574,final
2026-04-22,celio,brand,2.5,13760,30274,final
2026-04-23,celio,brand,2.7,13499,29421,final
2026-04-24,celio,brand,2.5,14211,32309,final
2026-04-25,celio,brand,2.1,17175,36731,final
2026-04-26,celio,brand,2.8,16376,32382,final
2026-04-27,celio,brand,2.4,16424,33942,final
2026-04-28,celio,brand,3.0,14725,37076,final
2026-04-29,celio,brand,2.6,15685,34395,final
2026-04-30,celio,brand,2.3,13371,31492,final
2026-05-01,celio,brand,2.4,14594,32451,final
2026-05-02,celio,brand,2.0,17759,40557,final
2026-05-03,celio,brand,2.4,16585,33444,final
2026-05-04,celio,brand,2.4,15135,32589,final
2026-05-05,celio,brand,2.2,14729,32187,final
2026-05-06,celio,brand,2.3,14923,32788,final
2026-05-07,celio,brand,2.2,13555,33050,final
2026-05-08,celio,brand,2.0,16335,39590,final
2026-05-09,celio,brand,2.2,16516,38211,final
2026-05-10,celio,brand,2.4,15736,31591,final
2026-05-11,celio,brand,2.4,15138,32801,final
2026-05-12,celio,brand,2.6,15103,32481,final
2026-05-13,celio,brand,2.4,15342,35019,final
2026-05-14,celio,brand,1.9,18239,41528,final
2026-05-15,celio,brand,1.5,16915,36696,final
2026-05-16,celio,brand,1.5,16765,36396,final
2026-05-17,celio,brand,1.7,16054,31791,final
2026-05-18,celio,brand,1.9,15759,32860,final
2026-05-19,celio,brand,1.6,16039,32475,final
2026-05-20,celio,brand,1.7,15950,32737,final
2026-05-21,celio,brand,1.6,14806,31536,final
2026-05-22,celio,brand,1.5,15654,33628,final
2026-05-23,celio,brand,1.5,16893,37492,final
2026-05-24,celio,brand,1.7,16308,33311,final
2026-05-25,celio,brand,1.5,21589,43533,final
2026-05-26,celio,brand,1.6,19721,38963,final
2026-05-27,celio,brand,1.5,20489,39280,final
2026-05-28,celio,brand,1.6,19336,38200,final
2026-05-29,celio,brand,1.6,18072,38522,final
2026-05-30,celio,brand,1.5,18978,40629,final
2026-05-31,celio,brand,1.6,18753,35297,final
2026-06-01,celio,brand,1.7,19336,38479,final
2026-06-02,celio,brand,1.6,17595,35514,final
2026-06-03,celio,brand,1.6,18537,37037,final
2026-06-04,celio,brand,1.6,16926,35035,final
2026-06-05,celio,brand,1.6,16653,35897,final
2026-06-06,celio,brand,1.6,19503,41541,final
2026-06-07,celio,brand,1.9,18126,38055,final
2026-06-08,celio,brand,1.8,18297,37729,final
2026-06-09,celio,brand,1.7,18349,36828,final
2026-06-10,celio,brand,1.7,21538,41834,final
2026-06-11,celio,brand,1.7,19316,39014,final
2026-06-12,celio,brand,1.8,17793,37976,final
2026-06-13,celio,brand,1.6,20044,42331,final
2026-06-14,celio,brand,1.7,19144,36850,final
2026-06-15,celio,brand,1.7,26818,48285,final
2026-06-16,celio,brand,1.5,22711,42811,final
2026-06-17,celio,brand,1.5,23948,45660,final
2026-06-18,celio,brand,1.5,22628,44247,final
2026-06-19,celio,brand,1.5,22459,46474,final
2026-06-20,celio,brand,1.4,24933,53046,final
2026-06-21,celio,brand,1.6,21011,40563,final
2026-06-22,celio,brand,1.6,19991,40012,final
2026-06-23,celio,brand,1.4,26955,48379,final
2026-06-24,celio,brand,1.3,47748,77601,final
2026-06-25,celio,brand,1.4,27505,51976,final
2026-06-26,celio,brand,1.5,24993,50105,final
2026-06-27,celio,brand,1.4,30241,60386,final
2026-06-28,celio,brand,1.4,29184,54045,final
2026-06-29,celio,brand,1.5,27365,52179,final
2026-06-30,celio,brand,1.5,24241,47505,final
2026-07-01,celio,brand,1.5,26025,50294,final
2026-07-02,celio,brand,1.5,26059,50926,final
2026-07-03,celio,brand,1.5,24104,48888,final
2026-07-04,celio,brand,1.4,25284,53395,final
2026-07-05,celio,brand,1.7,22085,43767,final
2026-07-06,celio,brand,1.6,22910,45902,final
2026-07-07,celio,brand,1.5,20771,41382,final
2026-07-08,celio,brand,1.5,21836,43912,final
2026-07-09,celio,brand,1.4,23010,44458,final
2026-07-10,celio,brand,1.5,21377,44697,final
2026-07-11,celio,brand,1.6,22265,47841,final
2026-07-12,celio,brand,1.7,19621,39445,final
2026-07-13,celio,brand,1.9,20393,43949,final
2026-07-14,celio,brand,1.8,18129,39607,final
2026-07-15,celio,brand,1.8,17763,36108,final
2026-07-16,celio,brand,1.8,19854,39092,final
2026-07-17,celio,brand,1.6,20153,41242,final
2026-07-18,celio,brand,1.7,20332,42650,final
2026-07-19,celio,brand,1.8,16701,32724,final
2026-07-20,celio,brand,1.7,18082,36211,final
2026-07-21,celio,brand,1.8,17950,35507,final
2026-07-22,celio,brand,1.9,16218,33062,final
2026-07-23,celio,brand,1.8,14796,31349,final
2026-07-24,celio,brand,2.1,14298,31591,final
2026-07-25,celio,brand,2.3,16532,35948,final
2026-07-26,celio,brand,2.5,15776,31301,final
2026-07-27,celio,brand,2.4,17934,36483,final
2026-07-28,celio,brand,2.3,17819,35765,final
2026-07-29,celio,brand,2.5,15418,32637,final
2026-07-30,celio,brand,2.3,14663,31536,final
2026-07-31,celio,brand,2.3,14922,31950,final
2026-08-01,celio,brand,2.5,15785,34057,final
2026-08-02,celio,brand,2.6,14103,28392,final
2026-08-03,celio,brand,2.2,14844,30698,final
2026-08-04,celio,brand,2.3,14568,30307,final
2026-08-05,celio,brand,2.5,13783,30048,final
2026-08-06,celio,brand,2.3,13179,29860,final
2026-08-07,celio,brand,2.4,12035,28861,final
2026-08-08,celio,brand,3.1,11956,28758,final
2026-08-09,celio,brand,3.1,10991,24576,final
2026-08-10,celio,brand,3.0,12560,28931,final
2026-08-11,celio,brand,2.9,11937,27058,final
2026-08-12,celio,brand,2.8,12298,27142,final
2026-08-13,celio,brand,2.5,21939,40351,final
2026-08-14,celio,brand,2.6,13087,28754,final
2026-08-15,celio,brand,2.7,12080,28375,final
2026-08-16,celio,brand,2.7,11002,23773,final
2026-08-17,celio,brand,2.3,13884,29004,final
2026-08-18,celio,brand,2.6,13970,28642,final
2026-08-19,celio,brand,2.7,14515,29870,final
2026-08-20,celio,brand,2.6,14272,29648,final
2026-08-21,celio,brand,2.6,14138,29980,final
2026-08-22,celio,brand,2.6,14329,31063,final
2026-08-23,celio,brand,2.7,12755,25273,final
2026-08-24,celio,brand,2.4,14879,29747,final
2026-08-25,celio,brand,2.4,16654,33296,final
2026-08-26,celio,brand,2.9,14842,30607,final
2026-08-27,celio,brand,2.7,15561,30765,final
2026-08-28,celio,brand,2.3,16227,32551,final
2026-08-29,celio,brand,2.4,18096,36443,final
2026-08-30,celio,brand,2.6,15968,30075,final
2026-08-31,celio,brand,2.6,16906,33359,final
2026-09-01,celio,brand,2.8,14874,30685,final
2026-09-02,celio,brand,2.9,14652,31084,final
2026-09-03,celio,brand,2.7,13543,29156,final
2026-09-04,celio,brand,3.4,13864,30791,final
2026-09-05,celio,brand,2.5,15604,33916,final
2026-09-06,celio,brand,2.4,14285,28298,final
2026-09-07,celio,brand,2.8,13389,28474,final
2026-09-08,celio,brand,2.5,13188,27943,final
2026-09-09,celio,brand,2.9,14401,30315,final
2026-09-10,celio,brand,2.4,13653,28762,final
2026-09-11,celio,brand,2.5,13572,29444,final
2026-09-12,celio,brand,2.1,14166,32700,final
2026-09-13,celio,brand,2.7,13685,27685,final
2026-09-14,celio,brand,2.5,11964,26075,final
2026-09-15,celio,brand,2.8,11199,24894,final
2026-09-16,celio,brand,2.4,12017,26071,final
2026-09-17,celio,brand,2.7,11836,26326,final
2026-09-18,celio,brand,2.6,11593,26708,final
2026-09-19,celio,brand,2.3,13707,30463,final
2026-09-20,celio,brand,2.3,11920,25460,final
2026-09-21,celio,brand,2.5,12329,26478,final
2026-09-22,celio,brand,2.7,11890,26499,final
2026-09-23,celio,brand,2.5,11510,26123,final
2026-09-24,celio,brand,2.6,12658,27612,final
2026-09-25,celio,brand,1.9,24738,44768,final
2026-09-26,celio,brand,2.0,17996,37101,final
2026-09-27,celio,brand,2.2,16085,30911,final
2026-09-28,celio,brand,2.5,15578,31047,final
2026-09-29,celio,brand,2.7,14279,28410,fresh
2026-09-30,celio,brand,2.5,14222,28003,fresh
2025-06-08,celio,nonbrand,13.2,3902,146584,final
2025-06-09,celio,nonbrand,12.0,4884,152043,final
2025-06-10,celio,nonbrand,12.9,4503,147377,final
2025-06-11,celio,nonbrand,10.8,4732,146338,final
2025-06-12,celio,nonbrand,10.1,4583,139909,final
2025-06-13,celio,nonbrand,11.4,4380,142018,final
2025-06-14,celio,nonbrand,9.8,4604,146263,final
2025-06-15,celio,nonbrand,10.6,5025,153286,final
2025-06-16,celio,nonbrand,10.8,4440,140470,final
2025-06-17,celio,nonbrand,11.4,4336,147406,final
2025-06-18,celio,nonbrand,11.2,4551,150964,final
2025-06-19,celio,nonbrand,11.5,3977,147586,final
2025-06-20,celio,nonbrand,11.5,3940,137891,final
2025-06-21,celio,nonbrand,11.6,4138,144574,final
2025-06-22,celio,nonbrand,10.6,4916,149789,final
2025-06-23,celio,nonbrand,11.2,4421,142959,final
2025-06-24,celio,nonbrand,10.0,4545,139794,final
2025-06-25,celio,nonbrand,7.4,6158,156770,final
2025-06-26,celio,nonbrand,9.6,4529,147477,final
2025-06-27,celio,nonbrand,10.0,4412,146751,final
2025-06-28,celio,nonbrand,9.9,4869,155909,final
2025-06-29,celio,nonbrand,9.3,5581,165026,final
2025-06-30,celio,nonbrand,9.9,5414,162401,final
2025-07-01,celio,nonbrand,10.8,5266,150058,final
2025-07-02,celio,nonbrand,10.5,4946,144846,final
2025-07-03,celio,nonbrand,11.4,4181,137134,final
2025-07-04,celio,nonbrand,12.3,3807,128840,final
2025-07-05,celio,nonbrand,11.3,4208,135592,final
2025-07-06,celio,nonbrand,11.5,4818,143012,final
2025-07-07,celio,nonbrand,11.9,4217,129628,final
2025-07-08,celio,nonbrand,12.1,3596,125704,final
2025-07-09,celio,nonbrand,13.4,3685,126156,final
2025-07-10,celio,nonbrand,13.9,3408,123995,final
2025-07-11,celio,nonbrand,13.8,3241,123133,final
2025-07-12,celio,nonbrand,13.8,3588,127838,final
2025-07-13,celio,nonbrand,13.5,3483,119892,final
2025-07-14,celio,nonbrand,12.8,3846,123918,final
2025-07-15,celio,nonbrand,13.6,3292,118144,final
2025-07-16,celio,nonbrand,14.3,3243,114844,final
2025-07-17,celio,nonbrand,14.7,2974,109911,final
2025-07-18,celio,nonbrand,15.9,2723,105712,final
2025-07-19,celio,nonbrand,17.6,3145,121980,final
2025-07-20,celio,nonbrand,17.9,3545,124367,final
2025-07-21,celio,nonbrand,15.1,3322,114975,final
2025-07-22,celio,nonbrand,16.4,3128,112033,final
2025-07-23,celio,nonbrand,15.9,2480,101601,final
2025-07-24,celio,nonbrand,17.1,2260,99940,final
2025-07-25,celio,nonbrand,15.7,2232,97491,final
2025-07-26,celio,nonbrand,15.7,2532,97662,final
2025-07-27,celio,nonbrand,15.8,2703,102910,final
2025-07-28,celio,nonbrand,15.4,2795,102087,final
2025-07-29,celio,nonbrand,15.9,2500,103735,final
2025-07-30,celio,nonbrand,16.1,2538,103118,final
2025-07-31,celio,nonbrand,15.8,2511,103090,final
2025-08-01,celio,nonbrand,15.4,2665,96119,final
2025-08-02,celio,nonbrand,15.5,2847,99822,final
2025-08-03,celio,nonbrand,15.4,2808,101252,final
2025-08-04,celio,nonbrand,16.0,3048,107628,final
2025-08-05,celio,nonbrand,16.5,2980,107796,final
2025-08-06,celio,nonbrand,15.4,2790,105174,final
2025-08-07,celio,nonbrand,15.5,2663,103898,final
2025-08-08,celio,nonbrand,16.8,2497,100802,final
2025-08-09,celio,nonbrand,16.9,2438,102266,final
2025-08-10,celio,nonbrand,16.7,2644,103042,final
2025-08-11,celio,nonbrand,15.8,2891,103355,final
2025-08-12,celio,nonbrand,16.4,2678,103018,final
2025-08-13,celio,nonbrand,15.5,2607,97395,final
2025-08-14,celio,nonbrand,16.3,2432,99678,final
2025-08-15,celio,nonbrand,16.2,2313,95142,final
2025-08-16,celio,nonbrand,16.8,2294,97096,final
2025-08-17,celio,nonbrand,15.5,2440,95069,final
2025-08-18,celio,nonbrand,15.7,2640,101893,final
2025-08-19,celio,nonbrand,16.2,2597,105661,final
2025-08-20,celio,nonbrand,15.3,2693,110588,final
2025-08-21,celio,nonbrand,15.2,2454,106247,final
2025-08-22,celio,nonbrand,16.6,2271,103184,final
2025-08-23,celio,nonbrand,17.1,2319,106760,final
2025-08-24,celio,nonbrand,17.5,2454,107977,final
2025-08-25,celio,nonbrand,17.5,2589,104810,final
2025-08-26,celio,nonbrand,16.7,2650,108969,final
2025-08-27,celio,nonbrand,17.0,2668,109800,final
2025-08-28,celio,nonbrand,15.1,2752,107989,final
2025-08-29,celio,nonbrand,14.7,2618,105711,final
2025-08-30,celio,nonbrand,14.3,2780,108110,final
2025-08-31,celio,nonbrand,15.0,2978,118420,final
2025-09-01,celio,nonbrand,16.0,3019,116787,final
2025-09-02,celio,nonbrand,15.1,2977,112257,final
2025-09-03,celio,nonbrand,14.8,2958,113028,final
2025-09-04,celio,nonbrand,14.7,2940,108203,final
2025-09-05,celio,nonbrand,15.7,2509,102007,final
2025-09-06,celio,nonbrand,14.3,2699,104754,final
2025-09-07,celio,nonbrand,15.4,2776,113511,final
2025-09-08,celio,nonbrand,15.5,2600,105391,final
2025-09-09,celio,nonbrand,14.7,2451,100741,final
2025-09-10,celio,nonbrand,12.9,2599,103653,final
2025-09-11,celio,nonbrand,11.3,2489,97598,final
2025-09-12,celio,nonbrand,9.0,2435,93021,final
2025-09-13,celio,nonbrand,6.8,2990,99125,final
2025-09-14,celio,nonbrand,7.1,3218,100581,final
2025-09-15,celio,nonbrand,8.4,2805,94545,final
2025-09-16,celio,nonbrand,8.4,2555,86819,final
2025-09-17,celio,nonbrand,7.6,2545,85228,final
2025-09-18,celio,nonbrand,8.3,2443,84280,final
2025-09-19,celio,nonbrand,8.6,2169,81019,final
2025-09-20,celio,nonbrand,8.1,2540,89836,final
2025-09-21,celio,nonbrand,9.6,2973,105292,final
2025-09-22,celio,nonbrand,8.4,2819,93643,final
2025-09-23,celio,nonbrand,7.4,3008,94671,final
2025-09-24,celio,nonbrand,7.4,3550,110011,final
2025-09-25,celio,nonbrand,7.4,3258,101733,final
2025-09-26,celio,nonbrand,7.8,3156,102521,final
2025-09-27,celio,nonbrand,7.1,3516,106674,final
2025-09-28,celio,nonbrand,7.2,3749,113201,final
2025-09-29,celio,nonbrand,8.7,3066,104118,final
2025-09-30,celio,nonbrand,8.4,2934,97889,final
2025-10-01,celio,nonbrand,8.1,2833,95226,final
2025-10-02,celio,nonbrand,8.5,2833,93159,final
2025-10-03,celio,nonbrand,7.9,2857,92437,final
2025-10-04,celio,nonbrand,9.4,3783,110624,final
2025-10-05,celio,nonbrand,7.6,3805,111772,final
2025-10-06,celio,nonbrand,8.2,3144,100564,final
2025-10-07,celio,nonbrand,8.0,2986,94224,final
2025-10-08,celio,nonbrand,8.0,2900,95119,final
2025-10-09,celio,nonbrand,14.1,2588,104974,final
2025-10-10,celio,nonbrand,8.2,2526,89530,final
2025-10-11,celio,nonbrand,7.6,2835,96214,final
2025-10-12,celio,nonbrand,7.4,3055,98845,final
2025-10-13,celio,nonbrand,7.7,2780,93916,final
2025-10-14,celio,nonbrand,7.4,2531,98350,final
2025-10-15,celio,nonbrand,7.5,2555,95278,final
2025-10-16,celio,nonbrand,7.9,2415,89745,final
2025-10-17,celio,nonbrand,7.8,2365,88892,final
2025-10-18,celio,nonbrand,7.7,2740,100315,final
2025-10-19,celio,nonbrand,7.2,3181,104131,final
2025-10-20,celio,nonbrand,7.2,3161,102886,final
2025-10-21,celio,nonbrand,7.3,2806,95021,final
2025-10-22,celio,nonbrand,7.5,2851,93143,final
2025-10-23,celio,nonbrand,7.7,2965,102209,final
2025-10-24,celio,nonbrand,8.2,2876,113984,final
2025-10-25,celio,nonbrand,7.4,3145,100010,final
2025-10-26,celio,nonbrand,7.2,3612,109218,final
2025-10-27,celio,nonbrand,7.2,3507,105966,final
2025-10-28,celio,nonbrand,7.3,3050,97828,final
2025-10-29,celio,nonbrand,7.8,3187,103136,final
2025-10-30,celio,nonbrand,7.2,2978,95930,final
2025-10-31,celio,nonbrand,7.9,2747,92007,final
2025-11-01,celio,nonbrand,7.3,3301,102162,final
2025-11-02,celio,nonbrand,6.9,3746,113046,final
2025-11-03,celio,nonbrand,7.2,3246,102383,final
2025-11-04,celio,nonbrand,7.4,2987,99744,final
2025-11-05,celio,nonbrand,7.2,3133,100898,final
2025-11-06,celio,nonbrand,7.1,3028,105078,final
2025-11-07,celio,nonbrand,7.1,2984,106670,final
2025-11-08,celio,nonbrand,6.8,3667,118273,final
2025-11-09,celio,nonbrand,6.6,4227,128880,final
2025-11-10,celio,nonbrand,6.4,3777,123919,final
2025-11-11,celio,nonbrand,6.1,4436,129307,final
2025-11-12,celio,nonbrand,6.7,3585,114376,final
2025-11-13,celio,nonbrand,7.2,3068,108928,final
2025-11-14,celio,nonbrand,7.4,3493,117930,final
2025-11-15,celio,nonbrand,6.6,4316,124423,final
2025-11-16,celio,nonbrand,6.2,5087,136683,final
2025-11-17,celio,nonbrand,7.3,4576,128641,final
2025-11-18,celio,nonbrand,6.7,4664,126397,final
2025-11-19,celio,nonbrand,6.0,5416,123457,final
2025-11-20,celio,nonbrand,6.4,5928,129327,final
2025-11-21,celio,nonbrand,6.2,6124,138142,final
2025-11-22,celio,nonbrand,5.4,7115,133558,final
2025-11-23,celio,nonbrand,5.1,8052,149154,final
2025-11-24,celio,nonbrand,5.4,6425,128004,final
2025-11-25,celio,nonbrand,6.1,5377,134051,final
2025-11-26,celio,nonbrand,5.9,6085,138153,final
2025-11-27,celio,nonbrand,5.9,5800,129702,final
2025-11-28,celio,nonbrand,5.5,6450,126803,final
2025-11-29,celio,nonbrand,5.2,6318,123575,final
2025-11-30,celio,nonbrand,5.2,7162,142864,final
2025-12-01,celio,nonbrand,5.8,5912,134062,final
2025-12-02,celio,nonbrand,6.0,5984,129109,final
2025-12-03,celio,nonbrand,5.3,6300,125720,final
2025-12-04,celio,nonbrand,5.8,5849,126570,final
2025-12-05,celio,nonbrand,6.1,5768,120971,final
2025-12-06,celio,nonbrand,4.9,6204,108835,final
2025-12-07,celio,nonbrand,4.8,7262,129324,final
2025-12-08,celio,nonbrand,4.9,6655,108063,final
2025-12-09,celio,nonbrand,5.4,5963,116903,final
2025-12-10,celio,nonbrand,5.5,5632,121494,final
2025-12-11,celio,nonbrand,5.6,5504,112880,final
2025-12-12,celio,nonbrand,6.3,5057,117244,final
2025-12-13,celio,nonbrand,5.2,5716,104190,final
2025-12-14,celio,nonbrand,5.0,6461,120693,final
2025-12-15,celio,nonbrand,5.2,5903,104566,final
2025-12-16,celio,nonbrand,5.1,5678,93249,final
2025-12-17,celio,nonbrand,4.9,5325,87616,final
2025-12-18,celio,nonbrand,6.1,4595,111878,final
2025-12-19,celio,nonbrand,6.6,4252,107178,final
2025-12-20,celio,nonbrand,6.1,4701,92376,final
2025-12-21,celio,nonbrand,5.3,4639,82242,final
2025-12-22,celio,nonbrand,6.5,4445,85820,final
2025-12-23,celio,nonbrand,6.0,3839,96489,final
2025-12-24,celio,nonbrand,7.3,2671,98030,final
2025-12-25,celio,nonbrand,6.9,3454,96506,final
2025-12-26,celio,nonbrand,6.2,4012,88378,final
2025-12-27,celio,nonbrand,7.0,3560,93076,final
2025-12-28,celio,nonbrand,7.2,3488,95580,final
2025-12-29,celio,nonbrand,6.9,3513,90030,final
2025-12-30,celio,nonbrand,7.2,3368,91415,final
2025-12-31,celio,nonbrand,8.8,2216,89814,final
2026-01-01,celio,nonbrand,9.6,2521,93045,final
2026-01-02,celio,nonbrand,7.9,3021,95926,final
2026-01-03,celio,nonbrand,7.4,3267,95989,final
2026-01-04,celio,nonbrand,8.0,3155,101617,final
2026-01-05,celio,nonbrand,8.3,2938,99464,final
2026-01-06,celio,nonbrand,7.4,3169,94927,final
2026-01-07,celio,nonbrand,6.3,5161,101924,final
2026-01-08,celio,nonbrand,7.7,3504,114976,final
2026-01-09,celio,nonbrand,8.3,3030,109792,final
2026-01-10,celio,nonbrand,6.7,3839,104002,final
2026-01-11,celio,nonbrand,7.1,3990,110200,final
2026-01-12,celio,nonbrand,7.7,3315,102757,final
2026-01-13,celio,nonbrand,7.8,2967,98669,final
2026-01-14,celio,nonbrand,8.1,2990,98114,final
2026-01-15,celio,nonbrand,7.4,2654,87642,final
2026-01-16,celio,nonbrand,9.0,2599,94898,final
2026-01-17,celio,nonbrand,7.5,3383,96408,final
2026-01-18,celio,nonbrand,8.4,3142,99615,final
2026-01-19,celio,nonbrand,8.3,2780,93313,final
2026-01-20,celio,nonbrand,9.4,2412,91331,final
2026-01-21,celio,nonbrand,9.2,2545,92536,final
2026-01-22,celio,nonbrand,9.6,2404,91752,final
2026-01-23,celio,nonbrand,8.9,2290,84488,final
2026-01-24,celio,nonbrand,8.0,2834,92622,final
2026-01-25,celio,nonbrand,8.6,3067,97215,final
2026-01-26,celio,nonbrand,8.5,2700,90917,final
2026-01-27,celio,nonbrand,8.6,2472,91235,final
2026-01-28,celio,nonbrand,8.1,2537,87052,final
2026-01-29,celio,nonbrand,8.6,2482,86020,final
2026-01-30,celio,nonbrand,9.3,2301,90520,final
2026-01-31,celio,nonbrand,9.3,2888,105732,final
2026-02-01,celio,nonbrand,10.3,3225,107487,final
2026-02-02,celio,nonbrand,8.0,2847,93046,final
2026-02-03,celio,nonbrand,7.3,2732,88575,final
2026-02-04,celio,nonbrand,9.0,2634,90510,final
2026-02-05,celio,nonbrand,10.7,2405,100950,final
2026-02-06,celio,nonbrand,9.7,2333,86034,final
2026-02-07,celio,nonbrand,8.0,2702,86602,final
2026-02-08,celio,nonbrand,9.1,2974,94417,final
2026-02-09,celio,nonbrand,9.6,2702,93493,final
2026-02-10,celio,nonbrand,9.9,2567,88666,final
2026-02-11,celio,nonbrand,9.6,2281,86455,final
2026-02-12,celio,nonbrand,10.0,2070,84350,final
2026-02-13,celio,nonbrand,9.4,1941,82422,final
2026-02-14,celio,nonbrand,9.7,2248,88049,final
2026-02-15,celio,nonbrand,9.7,2413,89607,final
2026-02-16,celio,nonbrand,10.0,2049,90723,final
2026-02-17,celio,nonbrand,10.2,1894,85585,final
2026-02-18,celio,nonbrand,9.7,1850,87954,final
2026-02-19,celio,nonbrand,10.5,1810,77630,final
2026-02-20,celio,nonbrand,10.3,1814,81288,final
2026-02-21,celio,nonbrand,10.6,1777,89619,final
2026-02-22,celio,nonbrand,10.6,2083,86669,final
2026-02-23,celio,nonbrand,11.1,1925,81082,final
2026-02-24,celio,nonbrand,11.0,1888,84357,final
2026-02-25,celio,nonbrand,11.5,1772,85795,final
2026-02-26,celio,nonbrand,10.0,1801,84907,final
2026-02-27,celio,nonbrand,12.1,1931,91595,final
2026-02-28,celio,nonbrand,10.5,2267,97372,final
2026-03-01,celio,nonbrand,9.8,2451,95176,final
2026-03-02,celio,nonbrand,10.3,2227,99264,final
2026-03-03,celio,nonbrand,11.1,2103,96512,final
2026-03-04,celio,nonbrand,8.8,2353,91700,final
2026-03-05,celio,nonbrand,9.7,2014,90928,final
2026-03-06,celio,nonbrand,9.5,2035,92746,final
2026-03-07,celio,nonbrand,9.7,2451,100302,final
2026-03-08,celio,nonbrand,9.4,2440,96128,final
2026-03-09,celio,nonbrand,8.9,2503,98256,final
2026-03-10,celio,nonbrand,8.1,2359,87918,final
2026-03-11,celio,nonbrand,7.8,2401,90096,final
2026-03-12,celio,nonbrand,8.2,2254,90196,final
2026-03-13,celio,nonbrand,8.2,2223,86891,final
2026-03-14,celio,nonbrand,8.1,2756,96329,final
2026-03-15,celio,nonbrand,8.3,2556,94562,final
2026-03-16,celio,nonbrand,8.4,2649,92520,final
2026-03-17,celio,nonbrand,9.1,2481,91857,final
2026-03-18,celio,nonbrand,8.6,2686,93976,final
2026-03-19,celio,nonbrand,8.4,2265,89308,final
2026-03-20,celio,nonbrand,8.3,2162,87165,final
2026-03-21,celio,nonbrand,8.4,2699,97063,final
2026-03-22,celio,nonbrand,8.0,2938,100861,final
2026-03-23,celio,nonbrand,7.9,2645,91621,final
2026-03-24,celio,nonbrand,7.7,2542,89463,final
2026-03-25,celio,nonbrand,7.1,2793,90267,final
2026-03-26,celio,nonbrand,8.2,2356,86424,final
2026-03-27,celio,nonbrand,7.6,2282,84604,final
2026-03-28,celio,nonbrand,6.9,2924,91938,final
2026-03-29,celio,nonbrand,7.4,2948,96823,final
2026-03-30,celio,nonbrand,7.6,2702,90772,final
2026-03-31,celio,nonbrand,9.0,2580,93749,final
2026-04-01,celio,nonbrand,7.7,2713,89445,final
2026-04-02,celio,nonbrand,8.2,2349,89862,final
2026-04-03,celio,nonbrand,8.1,2369,83864,final
2026-04-04,celio,nonbrand,7.5,2657,88236,final
2026-04-05,celio,nonbrand,7.6,2764,89586,final
2026-04-06,celio,nonbrand,7.2,2980,96515,final
2026-04-07,celio,nonbrand,7.4,2782,89264,final
2026-04-08,celio,nonbrand,7.2,2767,91593,final
2026-04-09,celio,nonbrand,7.6,2513,88145,final
2026-04-10,celio,nonbrand,7.5,2548,84104,final
2026-04-11,celio,nonbrand,7.3,2998,90959,final
2026-04-12,celio,nonbrand,7.3,3126,93255,final
2026-04-13,celio,nonbrand,7.5,2767,89830,final
2026-04-14,celio,nonbrand,7.9,2362,80075,final
2026-04-15,celio,nonbrand,8.0,2326,79212,final
2026-04-16,celio,nonbrand,7.9,2270,76661,final
2026-04-17,celio,nonbrand,8.4,2332,79965,final
2026-04-18,celio,nonbrand,7.7,2671,84927,final
2026-04-19,celio,nonbrand,7.6,2932,88729,final
2026-04-20,celio,nonbrand,9.4,2758,86074,final
2026-04-21,celio,nonbrand,8.1,2684,82139,final
2026-04-22,celio,nonbrand,8.5,2449,81045,final
2026-04-23,celio,nonbrand,8.2,2341,76087,final
2026-04-24,celio,nonbrand,8.1,2387,77893,final
2026-04-25,celio,nonbrand,8.3,2634,83436,final
2026-04-26,celio,nonbrand,8.7,3000,88472,final
2026-04-27,celio,nonbrand,8.0,2687,82088,final
2026-04-28,celio,nonbrand,8.4,2601,82606,final
2026-04-29,celio,nonbrand,7.8,2798,83115,final
2026-04-30,celio,nonbrand,8.6,2435,81130,final
2026-05-01,celio,nonbrand,7.8,2960,87862,final
2026-05-02,celio,nonbrand,7.5,3346,89345,final
2026-05-03,celio,nonbrand,7.0,3447,93395,final
2026-05-04,celio,nonbrand,7.7,3086,90299,final
2026-05-05,celio,nonbrand,7.8,2867,86717,final
2026-05-06,celio,nonbrand,8.1,2720,85112,final
2026-05-07,celio,nonbrand,8.1,2469,81145,final
2026-05-08,celio,nonbrand,7.8,2761,87703,final
2026-05-09,celio,nonbrand,7.7,2813,87866,final
2026-05-10,celio,nonbrand,7.4,3260,92410,final
2026-05-11,celio,nonbrand,8.0,2905,84439,final
2026-05-12,celio,nonbrand,8.8,2550,80444,final
2026-05-13,celio,nonbrand,9.1,2426,81610,final
2026-05-14,celio,nonbrand,7.3,2979,84800,final
2026-05-15,celio,nonbrand,6.4,2857,79122,final
2026-05-16,celio,nonbrand,6.3,2852,80497,final
2026-05-17,celio,nonbrand,6.3,2874,82139,final
2026-05-18,celio,nonbrand,7.0,2654,81929,final
2026-05-19,celio,nonbrand,6.9,2582,78340,final
2026-05-20,celio,nonbrand,6.8,2802,84075,final
2026-05-21,celio,nonbrand,6.8,2714,82534,final
2026-05-22,celio,nonbrand,6.4,2849,89663,final
2026-05-23,celio,nonbrand,6.2,3480,98427,final
2026-05-24,celio,nonbrand,6.4,3833,104614,final
2026-05-25,celio,nonbrand,5.7,4838,113836,final
2026-05-26,celio,nonbrand,5.7,4571,106600,final
2026-05-27,celio,nonbrand,5.8,4447,104352,final
2026-05-28,celio,nonbrand,6.0,4055,99417,final
2026-05-29,celio,nonbrand,5.9,3858,94424,final
2026-05-30,celio,nonbrand,5.9,3655,93908,final
2026-05-31,celio,nonbrand,5.6,4258,97871,final
2026-06-01,celio,nonbrand,6.1,3961,96189,final
2026-06-02,celio,nonbrand,6.0,3476,90879,final
2026-06-03,celio,nonbrand,6.3,3380,94235,final
2026-06-04,celio,nonbrand,6.6,3028,91391,final
2026-06-05,celio,nonbrand,6.4,2908,85221,final
2026-06-06,celio,nonbrand,6.2,3381,91189,final
2026-06-07,celio,nonbrand,5.8,3474,95697,final
2026-06-08,celio,nonbrand,5.8,3441,91292,final
2026-06-09,celio,nonbrand,6.1,3183,88516,final
2026-06-10,celio,nonbrand,6.1,3176,89499,final
2026-06-11,celio,nonbrand,6.2,2974,82447,final
2026-06-12,celio,nonbrand,6.2,2916,83240,final
2026-06-13,celio,nonbrand,5.8,3314,88360,final
2026-06-14,celio,nonbrand,5.7,3749,95762,final
2026-06-15,celio,nonbrand,5.7,3754,92475,final
2026-06-16,celio,nonbrand,5.9,3428,88390,final
2026-06-17,celio,nonbrand,5.8,3868,94472,final
2026-06-18,celio,nonbrand,5.5,3874,92668,final
2026-06-19,celio,nonbrand,5.9,3667,91301,final
2026-06-20,celio,nonbrand,5.6,4006,93683,final
2026-06-21,celio,nonbrand,5.8,4439,101680,final
2026-06-22,celio,nonbrand,5.8,4002,96236,final
2026-06-23,celio,nonbrand,5.7,4042,93432,final
2026-06-24,celio,nonbrand,5.1,5652,108407,final
2026-06-25,celio,nonbrand,5.6,4112,96686,final
2026-06-26,celio,nonbrand,5.7,3862,90286,final
2026-06-27,celio,nonbrand,5.3,4492,98998,final
2026-06-28,celio,nonbrand,5.3,4750,98857,final
2026-06-29,celio,nonbrand,5.5,4331,91121,final
2026-06-30,celio,nonbrand,5.8,3786,89408,final
2026-07-01,celio,nonbrand,6.0,3795,92072,final
2026-07-02,celio,nonbrand,5.7,3487,85754,final
2026-07-03,celio,nonbrand,6.1,3100,84699,final
2026-07-04,celio,nonbrand,5.9,3441,88986,final
2026-07-05,celio,nonbrand,5.6,3912,93268,final
2026-07-06,celio,nonbrand,5.7,3836,88402,final
2026-07-07,celio,nonbrand,6.2,3402,89072,final
2026-07-08,celio,nonbrand,5.8,3530,87127,final
2026-07-09,celio,nonbrand,6.0,3083,79737,final
2026-07-10,celio,nonbrand,6.2,2872,78838,final
2026-07-11,celio,nonbrand,6.1,3369,87015,final
2026-07-12,celio,nonbrand,6.1,3348,86716,final
2026-07-13,celio,nonbrand,6.3,3115,80312,final
2026-07-14,celio,nonbrand,6.4,2906,79375,final
2026-07-15,celio,nonbrand,6.3,2734,76873,final
2026-07-16,celio,nonbrand,6.5,2830,78822,final
2026-07-17,celio,nonbrand,6.5,2578,74966,final
2026-07-18,celio,nonbrand,6.2,2897,79502,final
2026-07-19,celio,nonbrand,6.4,2792,78030,final
2026-07-20,celio,nonbrand,6.3,2655,76024,final
2026-07-21,celio,nonbrand,6.5,2613,76816,final
2026-07-22,celio,nonbrand,6.5,2477,73743,final
2026-07-23,celio,nonbrand,7.8,2284,72773,final
2026-07-24,celio,nonbrand,6.9,2147,69544,final
2026-07-25,celio,nonbrand,7.6,2340,75217,final
2026-07-26,celio,nonbrand,7.1,2588,77195,final
2026-07-27,celio,nonbrand,7.5,2421,77259,final
2026-07-28,celio,nonbrand,8.0,2539,79958,final
2026-07-29,celio,nonbrand,7.5,2570,75787,final
2026-07-30,celio,nonbrand,8.2,2306,75629,final
2026-07-31,celio,nonbrand,8.6,2211,77195,final
2026-08-01,celio,nonbrand,8.4,2371,76745,final
2026-08-02,celio,nonbrand,7.8,2619,80236,final
2026-08-03,celio,nonbrand,7.0,2571,73722,final
2026-08-04,celio,nonbrand,8.4,2341,80458,final
2026-08-05,celio,nonbrand,7.8,2290,76945,final
2026-08-06,celio,nonbrand,7.7,2248,74150,final
2026-08-07,celio,nonbrand,7.9,2110,72868,final
2026-08-08,celio,nonbrand,8.2,2089,72783,final
2026-08-09,celio,nonbrand,8.6,2168,75853,final
2026-08-10,celio,nonbrand,8.7,2174,76594,final
2026-08-11,celio,nonbrand,8.6,2013,73982,final
2026-08-12,celio,nonbrand,9.7,1833,74490,final
2026-08-13,celio,nonbrand,8.4,2103,71187,final
2026-08-14,celio,nonbrand,8.9,1824,70798,final
2026-08-15,celio,nonbrand,8.4,1797,68127,final
2026-08-16,celio,nonbrand,9.2,1843,74280,final
2026-08-17,celio,nonbrand,8.5,2013,71379,final
2026-08-18,celio,nonbrand,8.5,2061,73428,final
2026-08-19,celio,nonbrand,8.4,1956,72919,final
2026-08-20,celio,nonbrand,8.4,1908,71329,final
2026-08-21,celio,nonbrand,9.1,1795,72428,final
2026-08-22,celio,nonbrand,8.6,1834,71866,final
2026-08-23,celio,nonbrand,8.4,1891,70717,final
2026-08-24,celio,nonbrand,9.0,1881,71676,final
2026-08-25,celio,nonbrand,9.1,1896,74104,final
2026-08-26,celio,nonbrand,10.0,1783,76683,final
2026-08-27,celio,nonbrand,8.4,1865,71950,final
2026-08-28,celio,nonbrand,8.8,1915,74434,final
2026-08-29,celio,nonbrand,8.4,2131,77761,final
2026-08-30,celio,nonbrand,8.7,2105,80640,final
2026-08-31,celio,nonbrand,8.9,2056,78395,final
2026-09-01,celio,nonbrand,8.7,1861,75152,final
2026-09-02,celio,nonbrand,8.3,1924,75134,final
2026-09-03,celio,nonbrand,9.2,1628,75868,final
2026-09-04,celio,nonbrand,8.9,1677,72119,final
2026-09-05,celio,nonbrand,8.7,1831,83281,final
2026-09-06,celio,nonbrand,8.4,1971,80100,final
2026-09-07,celio,nonbrand,8.6,1863,75133,final
2026-09-08,celio,nonbrand,8.7,1707,74146,final
2026-09-09,celio,nonbrand,8.3,1970,77901,final
2026-09-10,celio,nonbrand,7.4,1873,69690,final
2026-09-11,celio,nonbrand,7.9,1726,66421,final
2026-09-12,celio,nonbrand,8.4,1837,80784,final
2026-09-13,celio,nonbrand,7.7,2051,81924,final
2026-09-14,celio,nonbrand,7.8,1757,72793,final
2026-09-15,celio,nonbrand,8.1,1632,66014,final
2026-09-16,celio,nonbrand,8.9,1799,80607,final
2026-09-17,celio,nonbrand,7.4,1887,72366,final
2026-09-18,celio,nonbrand,7.4,1663,70084,final
2026-09-19,celio,nonbrand,7.0,2120,75598,final
2026-09-20,celio,nonbrand,7.1,2315,84775,final
2026-09-21,celio,nonbrand,7.3,2001,74561,final
2026-09-22,celio,nonbrand,7.4,2062,76749,final
2026-09-23,celio,nonbrand,7.1,1964,80334,final
2026-09-24,celio,nonbrand,7.2,1807,69432,final
2026-09-25,celio,nonbrand,7.3,1863,66117,final
2026-09-26,celio,nonbrand,6.8,2446,77244,final
2026-09-27,celio,nonbrand,6.9,2470,84269,final
2026-09-28,celio,nonbrand,7.2,2225,78207,final
2026-09-29,celio,nonbrand,7.4,1997,70720,fresh
2026-09-30,celio,nonbrand,7.7,2078,80334,fresh
2025-06-08,celio,total,26.8,18291,644123,final
2025-06-09,celio,total,22.8,23317,627926,final
2025-06-10,celio,total,21.0,21163,563227,final
2025-06-11,celio,total,20.5,22039,567732,final
2025-06-12,celio,total,19.7,21311,540303,final
2025-06-13,celio,total,19.7,20940,526190,final
2025-06-14,celio,total,19.1,22252,566926,final
2025-06-15,celio,total,20.0,21483,552105,final
2025-06-16,celio,total,19.9,23988,541265,final
2025-06-17,celio,total,19.6,20643,526860,final
2025-06-18,celio,total,19.5,21526,539022,final
2025-06-19,celio,total,19.8,19468,520817,final
2025-06-20,celio,total,20.0,18661,491063,final
2025-06-21,celio,total,21.5,19127,539646,final
2025-06-22,celio,total,19.7,19313,513217,final
2025-06-23,celio,total,19.6,20104,519681,final
2025-06-24,celio,total,17.4,22801,505798,final
2025-06-25,celio,total,15.8,33995,622866,final
2025-06-26,celio,total,16.7,23118,550233,final
2025-06-27,celio,total,18.8,21626,559262,final
2025-06-28,celio,total,18.4,22764,594232,final
2025-06-29,celio,total,17.6,22431,568511,final
2025-06-30,celio,total,18.7,23232,602301,final
2025-07-01,celio,total,17.5,22541,531975,final
2025-07-02,celio,total,18.0,23144,539345,final
2025-07-03,celio,total,17.7,21688,504413,final
2025-07-04,celio,total,19.1,20838,484504,final
2025-07-05,celio,total,18.8,21682,534391,final
2025-07-06,celio,total,19.3,20673,518464,final
2025-07-07,celio,total,18.8,20018,486369,final
2025-07-08,celio,total,18.4,17725,476806,final
2025-07-09,celio,total,20.8,18108,501098,final
2025-07-10,celio,total,21.0,16549,466598,final
2025-07-11,celio,total,26.0,15739,553217,final
2025-07-12,celio,total,23.1,16992,512290,final
2025-07-13,celio,total,20.4,14723,416156,final
2025-07-14,celio,total,19.2,17151,440201,final
2025-07-15,celio,total,19.6,15669,420865,final
2025-07-16,celio,total,19.1,15472,404144,final
2025-07-17,celio,total,19.7,14248,390609,final
2025-07-18,celio,total,20.3,13382,373841,final
2025-07-19,celio,total,19.9,15523,403901,final
2025-07-20,celio,total,20.7,14681,394126,final
2025-07-21,celio,total,20.8,16036,423210,final
2025-07-22,celio,total,21.6,15849,414903,final
2025-07-23,celio,total,20.7,13082,362528,final
2025-07-24,celio,total,21.0,11852,351042,final
2025-07-25,celio,total,20.8,12139,350557,final
2025-07-26,celio,total,20.6,12561,353656,final
2025-07-27,celio,total,20.2,11919,344743,final
2025-07-28,celio,total,20.2,13582,366536,final
2025-07-29,celio,total,19.9,12549,353906,final
2025-07-30,celio,total,20.0,12930,353076,final
2025-07-31,celio,total,20.2,12510,355459,final
2025-08-01,celio,total,20.8,14211,353004,final
2025-08-02,celio,total,20.8,14133,365308,final
2025-08-03,celio,total,21.1,12306,350964,final
2025-08-04,celio,total,20.9,30233,422161,final
2025-08-05,celio,total,20.9,33360,442088,final
2025-08-06,celio,total,21.3,20601,412587,final
2025-08-07,celio,total,21.9,18875,422503,final
2025-08-08,celio,total,21.3,16072,383477,final
2025-08-09,celio,total,23.1,16328,405275,final
2025-08-10,celio,total,23.4,14500,386807,final
2025-08-11,celio,total,29.0,18954,531421,final
2025-08-12,celio,total,22.8,16891,407503,final
2025-08-13,celio,total,21.9,16679,394767,final
2025-08-14,celio,total,22.2,15219,390568,final
2025-08-15,celio,total,22.0,13418,370249,final
2025-08-16,celio,total,22.5,13648,365153,final
2025-08-17,celio,total,20.4,12170,324542,final
2025-08-18,celio,total,20.9,19090,387608,final
2025-08-19,celio,total,21.3,19321,402832,final
2025-08-20,celio,total,20.0,21291,406420,final
2025-08-21,celio,total,21.3,16435,406603,final
2025-08-22,celio,total,21.4,14474,374452,final
2025-08-23,celio,total,21.9,14446,386463,final
2025-08-24,celio,total,21.7,13150,366464,final
2025-08-25,celio,total,20.4,15523,372601,final
2025-08-26,celio,total,21.1,15003,402527,final
2025-08-27,celio,total,21.7,18063,427507,final
2025-08-28,celio,total,21.3,16817,422920,final
2025-08-29,celio,total,20.0,17397,403170,final
2025-08-30,celio,total,20.5,18938,428349,final
2025-08-31,celio,total,21.5,17568,429168,final
2025-09-01,celio,total,22.2,16183,429193,final
2025-09-02,celio,total,20.5,15914,405237,final
2025-09-03,celio,total,20.8,15878,418316,final
2025-09-04,celio,total,20.7,16772,406470,final
2025-09-05,celio,total,21.0,16143,401760,final
2025-09-06,celio,total,21.0,17064,416402,final
2025-09-07,celio,total,21.8,14945,407152,final
2025-09-08,celio,total,21.0,15029,393105,final
2025-09-09,celio,total,21.8,14087,403301,final
2025-09-10,celio,total,18.7,15431,401861,final
2025-09-11,celio,total,17.1,15507,359964,final
2025-09-12,celio,total,13.4,15184,315722,final
2025-09-13,celio,total,7.9,19111,319904,final
2025-09-14,celio,total,9.1,18032,311691,final
2025-09-15,celio,total,9.9,16282,298397,final
2025-09-16,celio,total,9.7,14879,279401,final
2025-09-17,celio,total,10.5,14925,290028,final
2025-09-18,celio,total,10.3,13536,275011,final
2025-09-19,celio,total,10.8,12534,267261,final
2025-09-20,celio,total,11.2,15326,307311,final
2025-09-21,celio,total,10.9,15286,316389,final
2025-09-22,celio,total,10.3,15058,300433,final
2025-09-23,celio,total,9.8,17441,308978,final
2025-09-24,celio,total,10.2,19835,347079,final
2025-09-25,celio,total,9.8,17063,324483,final
2025-09-26,celio,total,10.2,17353,328609,final
2025-09-27,celio,total,9.8,19887,350634,final
2025-09-28,celio,total,10.6,18116,348052,final
2025-09-29,celio,total,11.7,16797,338495,final
2025-09-30,celio,total,11.1,15395,320152,final
2025-10-01,celio,total,10.5,16412,315890,final
2025-10-02,celio,total,10.5,17343,317053,final
2025-10-03,celio,total,9.6,17250,306651,final
2025-10-04,celio,total,10.4,19814,368001,final
2025-10-05,celio,total,9.9,17732,346863,final
2025-10-06,celio,total,10.7,17001,342970,final
2025-10-07,celio,total,9.9,15611,311671,final
2025-10-08,celio,total,9.4,18069,323272,final
2025-10-09,celio,total,11.8,15713,322255,final
2025-10-10,celio,total,10.3,15558,307423,final
2025-10-11,celio,total,9.5,17581,339206,final
2025-10-12,celio,total,9.6,15389,317637,final
2025-10-13,celio,total,9.9,17152,314329,final
2025-10-14,celio,total,9.9,13403,313661,final
2025-10-15,celio,total,14.9,14554,382066,final
2025-10-16,celio,total,15.2,13351,356533,final
2025-10-17,celio,total,10.6,12846,304478,final
2025-10-18,celio,total,11.6,14959,371259,final
2025-10-19,celio,total,10.9,14683,354093,final
2025-10-20,celio,total,9.8,14552,344113,final
2025-10-21,celio,total,9.7,13274,317547,final
2025-10-22,celio,total,10.3,14434,324661,final
2025-10-23,celio,total,9.9,14646,329224,final
2025-10-24,celio,total,9.3,13882,332572,final
2025-10-25,celio,total,10.2,16114,339305,final
2025-10-26,celio,total,9.8,15288,336789,final
2025-10-27,celio,total,10.0,16363,344967,final
2025-10-28,celio,total,9.4,15009,322147,final
2025-10-29,celio,total,10.8,16588,357018,final
2025-10-30,celio,total,8.9,21507,326535,final
2025-10-31,celio,total,9.8,20228,307178,final
2025-11-01,celio,total,9.5,24991,351941,final
2025-11-02,celio,total,9.7,24539,367104,final
2025-11-03,celio,total,8.8,23043,337252,final
2025-11-04,celio,total,9.2,21935,328038,final
2025-11-05,celio,total,9.1,23578,339463,final
2025-11-06,celio,total,9.8,22549,356630,final
2025-11-07,celio,total,9.2,22505,351549,final
2025-11-08,celio,total,9.4,30642,405062,final
2025-11-09,celio,total,10.3,30733,422816,final
2025-11-10,celio,total,11.9,29874,443569,final
2025-11-11,celio,total,9.8,30749,447577,final
2025-11-12,celio,total,8.8,24974,379164,final
2025-11-13,celio,total,8.4,23577,358029,final
2025-11-14,celio,total,8.9,29072,383845,final
2025-11-15,celio,total,8.0,33991,422585,final
2025-11-16,celio,total,8.3,34375,445865,final
2025-11-17,celio,total,8.9,34298,434991,final
2025-11-18,celio,total,8.6,34168,424679,final
2025-11-19,celio,total,7.7,57440,469324,final
2025-11-20,celio,total,8.5,55850,485593,final
2025-11-21,celio,total,8.5,50859,480617,final
2025-11-22,celio,total,8.1,61694,554435,final
2025-11-23,celio,total,8.5,60777,576321,final
2025-11-24,celio,total,8.3,51733,501728,final
2025-11-25,celio,total,8.3,48884,484483,final
2025-11-26,celio,total,8.6,49065,524600,final
2025-11-27,celio,total,9.0,51532,545609,final
2025-11-28,celio,total,8.4,60851,610080,final
2025-11-29,celio,total,8.1,58244,592255,final
2025-11-30,celio,total,8.2,57695,620597,final
2025-12-01,celio,total,8.4,46764,539570,final
2025-12-02,celio,total,8.7,41091,491699,final
2025-12-03,celio,total,8.4,42015,494291,final
2025-12-04,celio,total,9.1,40592,487960,final
2025-12-05,celio,total,10.4,41535,495107,final
2025-12-06,celio,total,8.7,46091,530683,final
2025-12-07,celio,total,8.3,49409,560607,final
2025-12-08,celio,total,9.2,45467,526093,final
2025-12-09,celio,total,12.1,41710,555106,final
2025-12-10,celio,total,13.9,42703,588967,final
2025-12-11,celio,total,9.4,40783,492153,final
2025-12-12,celio,total,14.4,38134,549850,final
2025-12-13,celio,total,10.7,45369,555499,final
2025-12-14,celio,total,9.5,48859,568572,final
2025-12-15,celio,total,12.3,46073,574078,final
2025-12-16,celio,total,10.1,41971,511606,final
2025-12-17,celio,total,8.0,43038,471651,final
2025-12-18,celio,total,10.4,38162,492035,final
2025-12-19,celio,total,11.1,37197,470233,final
2025-12-20,celio,total,10.0,43427,510418,final
2025-12-21,celio,total,10.4,43324,505984,final
2025-12-22,celio,total,10.3,45602,516050,final
2025-12-23,celio,total,9.8,40289,481541,final
2025-12-24,celio,total,11.0,28075,397991,final
2025-12-25,celio,total,10.9,33582,382435,final
2025-12-26,celio,total,10.4,43026,454763,final
2025-12-27,celio,total,10.2,35633,421991,final
2025-12-28,celio,total,10.2,30941,398003,final
2025-12-29,celio,total,10.5,35262,427015,final
2025-12-30,celio,total,10.0,33354,404132,final
2025-12-31,celio,total,12.0,23312,341461,final
2026-01-01,celio,total,13.3,22182,325157,final
2026-01-02,celio,total,10.7,31377,396379,final
2026-01-03,celio,total,10.3,32474,397714,final
2026-01-04,celio,total,10.6,27273,381716,final
2026-01-05,celio,total,11.1,27705,373468,final
2026-01-06,celio,total,10.1,35902,382105,final
2026-01-07,celio,total,9.4,61527,519798,final
2026-01-08,celio,total,10.2,37197,440025,final
2026-01-09,celio,total,14.1,33414,469608,final
2026-01-10,celio,total,12.6,43960,523987,final
2026-01-11,celio,total,10.6,37585,459577,final
2026-01-12,celio,total,10.2,32246,408451,final
2026-01-13,celio,total,10.3,28127,382593,final
2026-01-14,celio,total,10.3,29977,391819,final
2026-01-15,celio,total,10.1,25659,353802,final
2026-01-16,celio,total,11.2,25325,374298,final
2026-01-17,celio,total,11.2,33360,438532,final
2026-01-18,celio,total,11.0,27514,393100,final
2026-01-19,celio,total,11.4,25102,386171,final
2026-01-20,celio,total,12.2,22294,365410,final
2026-01-21,celio,total,12.3,24683,373141,final
2026-01-22,celio,total,12.5,23640,371532,final
2026-01-23,celio,total,11.8,22302,335714,final
2026-01-24,celio,total,10.9,27831,382318,final
2026-01-25,celio,total,11.3,25717,367439,final
2026-01-26,celio,total,12.0,23999,354842,final
2026-01-27,celio,total,11.7,23134,347060,final
2026-01-28,celio,total,10.9,24271,338792,final
2026-01-29,celio,total,11.5,22872,337905,final
2026-01-30,celio,total,11.6,22547,341482,final
2026-01-31,celio,total,12.3,28526,412940,final
2026-02-01,celio,total,13.3,27315,408257,final
2026-02-02,celio,total,10.7,25797,348964,final
2026-02-03,celio,total,8.9,25806,328374,final
2026-02-04,celio,total,10.9,24526,338969,final
2026-02-05,celio,total,13.7,20616,366066,final
2026-02-06,celio,total,13.8,19776,336873,final
2026-02-07,celio,total,10.4,23508,341485,final
2026-02-08,celio,total,13.0,22171,358471,final
2026-02-09,celio,total,13.0,21347,358682,final
2026-02-10,celio,total,13.1,20116,344631,final
2026-02-11,celio,total,12.9,23076,351840,final
2026-02-12,celio,total,14.3,20967,353043,final
2026-02-13,celio,total,12.1,19678,323478,final
2026-02-14,celio,total,11.9,23640,343837,final
2026-02-15,celio,total,12.8,21461,334302,final
2026-02-16,celio,total,12.6,19438,330719,final
2026-02-17,celio,total,12.4,16938,306632,final
2026-02-18,celio,total,13.0,16162,326188,final
2026-02-19,celio,total,13.3,15657,301050,final
2026-02-20,celio,total,12.5,15776,303389,final
2026-02-21,celio,total,12.8,17624,324127,final
2026-02-22,celio,total,13.8,16798,313164,final
2026-02-23,celio,total,13.2,17137,305216,final
2026-02-24,celio,total,14.3,16201,324315,final
2026-02-25,celio,total,13.6,16472,321932,final
2026-02-26,celio,total,12.1,15697,308824,final
2026-02-27,celio,total,14.8,17082,337819,final
2026-02-28,celio,total,12.9,19827,348842,final
2026-03-01,celio,total,12.6,17907,323864,final
2026-03-02,celio,total,12.8,21502,342910,final
2026-03-03,celio,total,12.9,21523,346514,final
2026-03-04,celio,total,10.0,22544,327492,final
2026-03-05,celio,total,11.1,20415,323075,final
2026-03-06,celio,total,10.2,19646,314925,final
2026-03-07,celio,total,10.5,22640,349028,final
2026-03-08,celio,total,11.3,19097,332671,final
2026-03-09,celio,total,10.6,20735,346459,final
2026-03-10,celio,total,10.1,23951,329599,final
2026-03-11,celio,total,9.4,20296,322777,final
2026-03-12,celio,total,9.6,18899,315944,final
2026-03-13,celio,total,9.5,19415,308307,final
2026-03-14,celio,total,9.9,24767,350062,final
2026-03-15,celio,total,10.4,21451,316367,final
2026-03-16,celio,total,10.3,33263,344181,final
2026-03-17,celio,total,10.9,29861,336435,final
2026-03-18,celio,total,10.8,29395,356612,final
2026-03-19,celio,total,10.7,25448,337213,final
2026-03-20,celio,total,11.2,24290,333817,final
2026-03-21,celio,total,11.2,28536,376694,final
2026-03-22,celio,total,11.0,25394,359732,final
2026-03-23,celio,total,10.7,23847,344265,final
2026-03-24,celio,total,9.8,23418,330831,final
2026-03-25,celio,total,9.5,28194,347006,final
2026-03-26,celio,total,10.5,22318,320318,final
2026-03-27,celio,total,10.7,22282,323229,final
2026-03-28,celio,total,9.7,28544,357967,final
2026-03-29,celio,total,11.1,25997,361258,final
2026-03-30,celio,total,10.6,23211,343166,final
2026-03-31,celio,total,11.9,21676,344009,final
2026-04-01,celio,total,10.6,25676,341846,final
2026-04-02,celio,total,10.6,23853,327537,final
2026-04-03,celio,total,11.0,18771,318577,final
2026-04-04,celio,total,10.2,22186,347015,final
2026-04-05,celio,total,9.4,17795,310451,final
2026-04-06,celio,total,9.5,21292,350035,final
2026-04-07,celio,total,10.4,22991,335999,final
2026-04-08,celio,total,10.4,22940,334489,final
2026-04-09,celio,total,11.0,19955,318972,final
2026-04-10,celio,total,10.2,19795,309062,final
2026-04-11,celio,total,10.1,24758,342065,final
2026-04-12,celio,total,11.0,22407,336226,final
2026-04-13,celio,total,11.4,21332,337838,final
2026-04-14,celio,total,11.4,19160,303297,final
2026-04-15,celio,total,11.9,21047,314522,final
2026-04-16,celio,total,12.1,19787,302740,final
2026-04-17,celio,total,11.9,19724,306750,final
2026-04-18,celio,total,11.3,22262,324849,final
2026-04-19,celio,total,12.7,21112,336103,final
2026-04-20,celio,total,12.0,21485,316358,final
2026-04-21,celio,total,12.2,20290,305308,final
2026-04-22,celio,total,12.3,20289,303616,final
2026-04-23,celio,total,12.4,19818,285400,final
2026-04-24,celio,total,14.1,20666,316330,final
2026-04-25,celio,total,12.7,24374,326106,final
2026-04-26,celio,total,13.2,23775,323805,final
2026-04-27,celio,total,12.3,23483,310548,final
2026-04-28,celio,total,13.8,21418,323343,final
2026-04-29,celio,total,12.5,22928,314134,final
2026-04-30,celio,total,12.7,19737,300707,final
2026-05-01,celio,total,11.7,21399,304548,final
2026-05-02,celio,total,10.6,26095,330085,final
2026-05-03,celio,total,9.9,24896,319059,final
2026-05-04,celio,total,13.3,22833,350142,final
2026-05-05,celio,total,12.7,21808,327294,final
2026-05-06,celio,total,11.8,22042,316074,final
2026-05-07,celio,total,15.9,20032,357123,final
2026-05-08,celio,total,11.8,23798,339457,final
2026-05-09,celio,total,12.5,23956,348407,final
2026-05-10,celio,total,11.2,23737,321066,final
2026-05-11,celio,total,11.0,22517,308834,final
2026-05-12,celio,total,12.4,21909,301462,final
2026-05-13,celio,total,14.6,22163,327769,final
2026-05-14,celio,total,10.4,26243,319716,final
2026-05-15,celio,total,7.2,24331,282092,final
2026-05-16,celio,total,7.4,24343,285214,final
2026-05-17,celio,total,7.4,23453,271493,final
2026-05-18,celio,total,7.9,22794,277400,final
2026-05-19,celio,total,8.0,23079,280694,final
2026-05-20,celio,total,7.9,23472,290031,final
2026-05-21,celio,total,8.1,21950,287466,final
2026-05-22,celio,total,7.5,23026,295300,final
2026-05-23,celio,total,7.8,25437,330662,final
2026-05-24,celio,total,8.1,25032,329706,final
2026-05-25,celio,total,7.2,32618,372152,final
2026-05-26,celio,total,7.4,30045,351569,final
2026-05-27,celio,total,7.4,30647,345588,final
2026-05-28,celio,total,7.8,29012,340347,final
2026-05-29,celio,total,7.3,27005,317269,final
2026-05-30,celio,total,7.2,27926,321983,final
2026-05-31,celio,total,7.2,28236,321200,final
2026-06-01,celio,total,7.6,28795,333327,final
2026-06-02,celio,total,7.5,26266,314282,final
2026-06-03,celio,total,7.5,27161,325725,final
2026-06-04,celio,total,7.8,24880,310858,final
2026-06-05,celio,total,7.9,24309,302891,final
2026-06-06,celio,total,8.0,28240,339024,final
2026-06-07,celio,total,7.5,26697,333406,final
2026-06-08,celio,total,7.4,26879,321477,final
2026-06-09,celio,total,7.5,26427,309686,final
2026-06-10,celio,total,7.5,30061,320207,final
2026-06-11,celio,total,7.7,27176,300735,final
2026-06-12,celio,total,8.2,25346,306446,final
2026-06-13,celio,total,7.5,28679,320945,final
2026-06-14,celio,total,7.5,28066,317136,final
2026-06-15,celio,total,7.2,36213,332362,final
2026-06-16,celio,total,7.9,31525,327961,final
2026-06-17,celio,total,7.6,33801,344407,final
2026-06-18,celio,total,7.3,32267,332747,final
2026-06-19,celio,total,7.2,31722,327478,final
2026-06-20,celio,total,7.2,35093,351164,final
2026-06-21,celio,total,7.3,30861,323447,final
2026-06-22,celio,total,7.7,29161,325311,final
2026-06-23,celio,total,7.1,36476,325185,final
2026-06-24,celio,total,6.6,60957,414345,final
2026-06-25,celio,total,7.1,37302,347124,final
2026-06-26,celio,total,7.1,34479,335275,final
2026-06-27,celio,total,7.5,41101,380988,final
2026-06-28,celio,total,6.8,40102,357735,final
2026-06-29,celio,total,6.9,37778,344901,final
2026-06-30,celio,total,7.2,33468,332592,final
2026-07-01,celio,total,7.5,35604,348803,final
2026-07-02,celio,total,7.1,35112,332756,final
2026-07-03,celio,total,7.4,32360,323288,final
2026-07-04,celio,total,7.1,34458,338540,final
2026-07-05,celio,total,7.1,31280,326389,final
2026-07-06,celio,total,8.0,32272,337521,final
2026-07-07,celio,total,8.5,29291,341299,final
2026-07-08,celio,total,7.9,30778,339116,final
2026-07-09,celio,total,7.5,31662,315605,final
2026-07-10,celio,total,7.9,29456,306836,final
2026-07-11,celio,total,7.9,31444,334082,final
2026-07-12,celio,total,8.7,28015,315631,final
2026-07-13,celio,total,7.8,28960,307453,final
2026-07-14,celio,total,8.0,25678,291978,final
2026-07-15,celio,total,7.8,25125,277501,final
2026-07-16,celio,total,7.6,27425,283755,final
2026-07-17,celio,total,7.7,27429,279038,final
2026-07-18,celio,total,7.5,28216,294167,final
2026-07-19,celio,total,7.9,23603,261457,final
2026-07-20,celio,total,7.6,25410,273009,final
2026-07-21,celio,total,7.7,24987,275452,final
2026-07-22,celio,total,7.9,23108,270333,final
2026-07-23,celio,total,8.4,20967,263035,final
2026-07-24,celio,total,8.3,20165,251731,final
2026-07-25,celio,total,9.0,22798,276991,final
2026-07-26,celio,total,9.0,22235,269133,final
2026-07-27,celio,total,10.3,24797,297475,final
2026-07-28,celio,total,9.7,24599,292049,final
2026-07-29,celio,total,9.4,22042,274933,final
2026-07-30,celio,total,10.1,20883,283127,final
2026-07-31,celio,total,10.2,21051,278646,final
2026-08-01,celio,total,9.6,22258,280039,final
2026-08-02,celio,total,10.0,20478,276005,final
2026-08-03,celio,total,8.8,21495,265316,final
2026-08-04,celio,total,9.7,20865,283495,final
2026-08-05,celio,total,9.5,20078,278636,final
2026-08-06,celio,total,10.3,19132,285886,final
2026-08-07,celio,total,9.1,17688,257859,final
2026-08-08,celio,total,9.2,17598,255421,final
2026-08-09,celio,total,10.2,16539,256628,final
2026-08-10,celio,total,9.8,18334,269029,final
2026-08-11,celio,total,10.5,17412,270959,final
2026-08-12,celio,total,10.4,17394,255532,final
2026-08-13,celio,total,9.4,28261,268841,final
2026-08-14,celio,total,8.5,18311,291242,final
2026-08-15,celio,total,7.6,17269,304386,final
2026-08-16,celio,total,9.8,15989,250530,final
2026-08-17,celio,total,9.5,19546,260210,final
2026-08-18,celio,total,9.5,19906,261803,final
2026-08-19,celio,total,9.9,20377,266252,final
2026-08-20,celio,total,9.2,20222,258387,final
2026-08-21,celio,total,9.8,19798,262401,final
2026-08-22,celio,total,9.2,20165,257536,final
2026-08-23,celio,total,9.4,18155,240833,final
2026-08-24,celio,total,9.3,20903,258112,final
2026-08-25,celio,total,9.8,22833,276214,final
2026-08-26,celio,total,10.8,20540,285376,final
2026-08-27,celio,total,9.4,21599,262368,final
2026-08-28,celio,total,9.6,22408,272338,final
2026-08-29,celio,total,9.4,25169,289381,final
2026-08-30,celio,total,9.9,22682,278787,final
2026-08-31,celio,total,9.7,23660,285846,final
2026-09-01,celio,total,9.4,20797,271002,final
2026-09-02,celio,total,8.9,20725,265642,final
2026-09-03,celio,total,10.7,19088,277204,final
2026-09-04,celio,total,9.7,19292,259186,final
2026-09-05,celio,total,9.3,21769,285650,final
2026-09-06,celio,total,9.5,20196,272600,final
2026-09-07,celio,total,9.4,19141,259782,final
2026-09-08,celio,total,9.2,18666,253424,final
2026-09-09,celio,total,9.1,20706,273379,final
2026-09-10,celio,total,9.1,19714,257209,final
2026-09-11,celio,total,8.1,19248,237806,final
2026-09-12,celio,total,8.6,20265,276824,final
2026-09-13,celio,total,8.5,19800,264831,final
2026-09-14,celio,total,8.3,17438,245425,final
2026-09-15,celio,total,8.5,16121,216825,final
2026-09-16,celio,total,9.8,17427,267727,final
2026-09-17,celio,total,8.1,17229,242268,final
2026-09-18,celio,total,8.2,16724,234554,final
2026-09-19,celio,total,7.9,19889,257396,final
2026-09-20,celio,total,7.9,17975,253660,final
2026-09-21,celio,total,8.5,18157,242195,final
2026-09-22,celio,total,8.2,17645,242547,final
2026-09-23,celio,total,8.1,17112,247136,final
2026-09-24,celio,total,8.2,18006,232819,final
2026-09-25,celio,total,7.6,30619,245428,final
2026-09-26,celio,total,7.6,24811,262568,final
2026-09-27,celio,total,7.7,22738,259215,final
2026-09-28,celio,total,7.8,21999,253286,final
2026-09-29,celio,total,8.0,20505,245898,fresh
2026-09-30,celio,total,8.3,20301,241740,fresh
